id,text,language,language_name,true_label,predicted,confidence,reasoning,error
amh_1e82c74a8a0dfa56c2157e7d0101d49c,·â†·âµ·åç·à´·ã≠ ·àò·ä®·àã·ä®·ã´ ·à∞·à´·ãä·âµ ·â∞·àõ·à≠·ä®·ãç ·àù·àÖ·à®·âµ ·ã®·â∞·ã∞·à®·åà·àã·â∏·ãç ·ã®·ä†·â•·ã≠ ·ä†·àÖ·àò·ãµ ·ä†·àä ·ã®·âÄ·ãµ·àû ·àò·ä®·àã·ä®·ã´ ·ã®·ä†·àÅ·äï ·â∞·àã·àã·ä™ ·à∞·à´·ãä·âµ·ç¢...,amh,Amharic,1,1,0.8,"The text uses divisive language referring to 'Tigray Defense Forces' and 'Abiy Ahmed's former defense/current proxy army' with terms like 'captured' and 'mercy shown', creating an us-vs-them framing between opposing military forces and suggesting hostility between groups.",
amh_9b17cc8d0f7dc6e8afc802088d19d8a1,#_·ä¢·âµ·ãÆ·åµ·ã´·ãä·äê·âµ_ ·àà·äï·çÅ·àÖ ·àç·â¶·äì ·àà·ä†·àµ·â≥·ãã·àΩ #·ã®·àÖ·àå·äì ·ä•·à®·çç·âµ ·äê·ãç·ç¢ #·à≥·ã≠·àÜ·äë ·àõ·àµ·àò·à∞·àç ·åç·äï #·ã®·à∞·ã≠·å£·äï·äê·âµ ·äê·ãç·ç¢...,amh,Amharic,0,1,0.75,"The text creates a sharp moral dichotomy between 'Ethiopian-ness' as pure/restful versus 'pretending to be what you're not' as satanic/evil, using religious framing to divide people into opposing moral categories.",
amh_7f69c56101b61750e7b7812d2cf4a4ef,·ã®·ä†·àõ·à´ ·àç·ã© ·àÄ·ã≠·àç ·å•·äï·âÉ·âÑ ·àõ·ãµ·à®·åç ·ã´·àà·â†·âµ ·ã®·åç·äï·â¶·âµ 7·â± ·ä†·ã≠·äê·âµ ·âÅ·àõ·à≠ ·ä•·äï·ã≥·ã≠·â†·àã ·äê·ãç::...,amh,Amharic,0,1,0.8,"The text warns about 'Amhara Special Forces' needing to be careful not to fall into a 'Ginbot 7-type gamble', which creates an us-vs-them framing by positioning one group (Amhara forces) against another (Ginbot 7), using cautionary language that implies threat or opposition between groups.",
amh_b3360297c706ddb6dab7fa23f5b516fb,@USER ·çì·çì·çì·çì·çì ·ä†·äï·â∞·äï ·â•·àé ·àù·àÅ·à≠·ç¢ ·â†·âÉ ·ä†·äï·â∞·äì ·àò·à∞·àç ·ã®·åÉ·ãã·à≠ ·â°·âΩ·àé·âΩ ·ä®·ä•·äì·äï·â∞ ·ãç·å™ ·çñ·àà·â≤·ä´ ·ã®·àö·ã´·ãç·âÖ ·ã®·àà·àù !!!! ·â£·äï·ã≥·ã≥·ã≥·ã≥·ã≥·ã≥!!!...,amh,Amharic,1,1,0.85,"The text contains hostile language with mocking repetition ('·çì·çì·çì·çì·çì', '·â£·äï·ã≥·ã≥·ã≥·ã≥·ã≥·ã≥'), dismissive insults calling someone a fake intellectual, and creates an us-vs-them division by grouping the target with 'Jawar's followers' while claiming exclusive political knowledge for their own group.",
amh_59b46408a0920c3c74dfad5c741f0729,·ã®·åé·åÉ·àù ·ä†·àõ·à´ ·äê·âÉ ·â†·àç ·àò·äï·âÄ·à≥·âÄ·àµ ·ã´·àà·â•·àÖ ·ãà·à≥·äù ·à∞·ä†·âµ ·àã·ã≠ ·äê·àÖ:: ·â†·ãà·àà·åã ·ä•·ã´·àà·âÅ ·àã·àâ·âµ ·ä†·àõ·àÆ·âΩ ·ä®·åé·åÉ·àù ·ä†·àõ·à´ ·ã®·â†·àà·å† ·àö·âÄ·à≠·â£·â∏·ãç ·ã®·àà·àù:: ·àç·âµ·ã∞·à≠·àµ·àã·â∏·ãç ·ä•·äì...,amh,Amharic,1,1,0.9,"The text uses dehumanizing language ('·ä†·ãç·à¨·ãç' meaning 'beast') to refer to OLF/ONG, creates clear us-vs-them framing between Amhara groups and others, uses urgent mobilization language, and frames the situation as Amharas being killed/destroyed, which are strong indicators of polarizing rhetoric designed to create hostility between ethnic groups.",
amh_f4c5a463d24f7055b8f01686404513ac,@USER @USER ·â†·â∞·åç·â£·à≠ ·ä•·ã´·à≥·ã®·äï·àÖ ·ä•·äÆ ·äê·ãç ·ã´·àà·ãç·ç¢ ·ã´·äï·â∞ ·åÅ·äï·â≥·ãé·âΩ ·ä•·äê ·åå·â≥·â∏·ãç ·à®·ã≥·äï ·â•·âµ·àò·ä®·à´·â∏·ãç ·ã≠·àª·àã·àç ·âÇ·å£ ·ã®·âÄ·ã∞·ã∞·ãç ·ä†·çâ ·ä•·äï·ã≥·àò·å£·â†·âµ ·ã®·ãç·à∏·âµ·ç¢·àò·ä£·âµ ...,amh,Amharic,1,1,0.85,"The text contains hostile language with derogatory terms like '·åÅ·äï·â≥·ãé·âΩ' (junta) and '·ã®·ãç·à∏·âµ ·àò·ä£·âµ' (false/lying), creating clear us-vs-them framing and expressing contempt toward opposing political figures, indicating strong polarization.",
amh_19c32808df5e471a7253f0ddc1f37956,·ã®·ãç·åä·ã´·ãç ·ãà·âÖ·â≥·ãä ·àÅ·äî·â≥·ã®·ä†·àõ·à´ ·ä≠·àç·àç ·çñ·àä·àµ·äÆ·àö·àΩ·äê·à≠ ·àò·åç·àà·å´) - -...,amh,Amharic,0,0,0.7,"This appears to be a neutral headline or title about a current situation report and police commissioner statement regarding Amhara region. Without inflammatory language, us-vs-them framing, or hostile rhetoric, it reads as informational rather than polarizing.",
amh_4f2da3ef55e27224341b048df2b2e0f5,·ä†·àÅ·äï ·çã·äñ ·ãµ·àù·åπ·äï ·ã´·å†·çã·àç·ç¢ ·ä®·à≥·àù·äï·âµ ·â†·äã·àã ·ã®·àò·ä®·àã·ä®·ã´·äï ·ãµ·àç ·àà·àò·äï·å†·âÖ ·â•·âÖ ·ã≠·àã·àç·ç¢ ·ä≠·çâ ·ä†·àò·àç...,amh,Amharic,1,1,0.85,The text contains hostile language about Fano (a political/military group) with phrases suggesting deceptive behavior and negative characterization ('·ä≠·çâ ·ä†·àò·àç' - evil deed/act). This creates an us-vs-them framing with clear antagonistic positioning.,
amh_1cf42d227b717271133467ea182a2d3f,@USER ·ä•·äï·ã¥·âµ ·äê·ãç ·åé·â†·ãù ·ã® 27 ·ãì·àò·â≥·âµ ·â∞·àã·àã·ä™ ·à∞·ãé·âΩ·äï ·ã®·âµ·åç·à´·ã≠ ·àÖ·ãù·â• ·ä•·äï·ã≤·ã´·àù·äï ·ã®·àö·å†·â†·âÄ·ãç?...,amh,Amharic,1,1,0.8,The text contains divisive language questioning the credibility of '27 years of messengers/agents' and creates an us-vs-them dynamic by specifically referencing 'the people of Tigray' in a context that suggests distrust or opposition between groups.,
amh_40b4b2a1e2e42bd54d5fe28a2b245b2a,@USER ·ä•·äê·ãö·àÖ·äï ·ä†·àù·äñ ·ä†·àõ·à´ ·â†·àô·àâ ·àÄ·ã≠·àâ ·ä•·ã®·â∞·ãã·åã ·àò·àÜ·äë ·ã∞·àû ·àå·àã ·à´·àµ ·àù·â≥·âµ ·äê·ãç...,amh,Amharic,0,1,0.8,"The text contains divisive language targeting the Amhara ethnic group, suggesting they are fighting with full force based on certain beliefs, which creates an us-vs-them dynamic and ethnic polarization typical of divisive discourse.",
amh_5aa8bcf63c4259539a90e5cf2e52ac6f,·ã®·ä¶·äê·åç ·à∏·äî ·ä†·ã≤·àµ ·å•·âÉ·âµ ·â†·ãà·àà·åã? ·ã®·ä¶·àÆ·àö·ã´ ·àç·ã© ·äÉ·ã≠·àç ·ã®·âµ ·äê·ãç? ·â†·âµ·åç·à´·ã≠ ·ã´·àà·ãç ·ãç·å•·à®·âµ via @USER...,amh,Amharic,0,1,0.8,"The text references ethnic groups (OLF-Shane, Oromo, Tigray) in context of attacks and tensions, uses accusatory framing about security forces' absence, and implies conflict between different regional/ethnic groups, which creates divisive us-vs-them dynamics typical of polarized discourse.",
amh_c207da359f8e65d7eac1b532ec0bcac2,·ä†·àõ·à´ ·åç·äï ·â†·ã∞·àâ·äï ·ä•·äï·ã∞·àõ·ã≠·à®·à≥ ·å†·àã·â∂·âπ·àù ·ã´·ãç·âÉ·àâ·ç¢...,amh,Amharic,0,1,0.85,"The text creates an us-vs-them dynamic by referencing 'Amara' as a group that doesn't forget wrongs done to them and mentions 'enemies' who know this, establishing clear opposing sides with implicit hostility.",
amh_ac1ef1d6afbc43f7621c177aa81c6c75,@USER ·ã∞·à≠·åç ·àª·â¢·ã´ ·ãà·ã´·äî ·ä¶·äê·åç ·ä†·àï·ã≥·ãä ·ä†·ã´·àâ ·ã®·çì·àà·â≤·ä´ ·ä¢·àä·âæ·âΩ ·â†·çà·å†·à©·àç·äï ·å†·àã·âµ ·àà·àÄ·åà·à≠ ·å•·âÖ·àù ·à≥·ã≠·àÜ·äï ·àà·ä•·äê·à≠·à± ·çç·àã·åé·âµ ·ä•·äõ·äï ·àõ·äê·à≥·à≥·âµ ·ç¢(·å¶·à≠·äê·âµ ·ä®·çà·â≥·ãâ ...,amh,Amharic,1,1,0.85,"The text creates clear us-vs-them framing by grouping political entities (Derg, Shabia, TPLF, OLF) as 'political elites' who create enemies and manipulate 'us' for their own interests rather than national benefit. The phrase about 'war from talk' suggests hostile division and conflict rhetoric.",
amh_9e7b115db5127545a86ec6d878af0169,·ã∞·àù ·â†·ã∞·àù ·ã≠·àò·àà·à≥·àç! . ·äê·çç·å†·äõ ·ä†·àÅ·äï ·â†·âÇ ·åç·ãú ·ä†·àà·äï ·ã®27 ·ãì·àò·â±·äï ·àÇ·à≥·â• ·ã®·àù·äì·ãà·à´·à≠·ãµ·â†·âµ! #Amhara #Ethiopia #Tigray...,amh,Amharic,1,1,0.9,"The text contains hostile language with 'blood for blood' rhetoric, uses derogatory terms like '·äê·çç·å†·äõ' (neftegna), references settling scores from 27 years ago, and employs divisive ethnic hashtags, all indicating strong us-vs-them polarization and hostility between groups.",
amh_096f2ff084a548e576fb0c75aaa491ae,·à∞·â†·à≠ ·ã®·ãµ·àç ·ãú·äì ·àà·àä·â±·äï ·ä•·àç·àÖ ·ä†·àµ·å®·à´·àΩ ·ãç·åä·ã´ ·â∞·ã∞·à®·åà | ·àô·àâ ·â†·àô·àâ ·â∞·ã∞·àò·à∞·à± ·ä¢·âµ·ãÆ·åµ·ã´ ·åç·ãõ·â∑·äï ·â∞·âÜ·å£·å†·à®·âΩ ·ãç·à≥·äî·ãç ·ã®·å†·àã·âµ·äï ·âÖ·àµ·àù ·à∞·â†·à®...,amh,Amharic,1,1,0.85,"The text uses highly polarizing language with terms like 'enemy' (·å†·àã·âµ), 'completely destroyed' (·àô·àâ ·â†·àô·àâ ·â∞·ã∞·àò·à∞·à±), and 'bitter battle' (·ä•·àç·àÖ ·ä†·àµ·å®·à´·àΩ ·ãç·åä·ã´). It frames the situation in clear us-vs-them terms with Ethiopia controlling territory and defeating enemies, using triumphant and militaristic language that creates sharp divisions.",
amh_862ab867e1f05c6b1db87a47293b069d,#Ethiopia | ·åÄ·åç·äì·ãç ·ã®·ä†·çã·à≠ ·ä≠·àç·àç ·àç·ã© ·àÉ·ã≠·àç ·ä®·ãà·à´·à™·ãç ·åÅ·äï·â≥ ·àã·ã≠ ·â†·ä≠·àã·àΩ ·â≥·äï·ä≠ ·àõ·à≠·ä®·ãã·àç·ç¢ ·ä¢·âµ·ãÆ·åµ·ã´·ãä·äê·âµ ·àÅ·àå·àù ·ä†·à∏·äì·çä·äê·âµ ·äê·ãç...,amh,Amharic,1,1,0.85,"The text uses polarizing language with 'heroic' (·åÄ·åç·äì·ãç) to describe Afar forces and 'invading junta' (·ãà·à´·à™·ãç ·åÅ·äï·â≥) to describe opponents, creating clear us-vs-them framing. The phrase about 'Ethiopianness always being victorious' reinforces group identity against perceived enemies.",
amh_69f15211cedcb3ce887d1d564f40bb81,@USER ·ä¢·àÑ ·ä•·äÆ ·â† ·ä¢·àÖ·ã≤·åç ·åä·ãú ·ã® ·àµ·àù·ä¶·äï ·àç·åÖ ·â∞·àã·àã·ä™ ·ã®·äê·â†·à® ·ä†·àÅ·äï ·àã·ã≠ ·ã∞·àû ·àò·àã·àã·ä≠ ·à±·àµ ·àµ·àà·àÜ·äê·â†·âµ ·àã·äï·â∫ ·ä•·äì ·àà·ãõ ·àà·ãà·â£·ãç ·ä†·àâ·àã ·â†·àò·àã·àã·ä≠ ·àã·ã≠ ·äê·ãç ·ã´·ãç...,amh,Amharic,1,1,0.8,"The text contains accusatory language targeting specific individuals with derogatory terms like '·â∞·àã·àã·ä™' (messenger/puppet) and '·àò·àã·àã·ä≠ ·à±·àµ' (addiction to being a messenger), creating an us-vs-them dynamic and hostile framing against the mentioned parties.",
amh_5edbfbecc25075d8aa321f7e18855a85,·â†·äê·åà·à´·âΩ·äï ·àã·ã≠ ·ãà·ã´·äî ·ä®·ä†·à´·âµ ·ä™·àé ·â§·â∞·àò·äï·åç·àµ·âµ ·ã®·àà·âÄ·âÄ·ãç ·â†·ãµ·à≠·ãµ ·ä•·äì ·â†·ãç·ã≠·ã≠·âµ ·äê·ãç·ç¢ ·â†·ãö·àÖ ·à®·åà·ãµ ·ä®·ä†·â•·ã≠ ·â†·â•·ãô ·ä•·å•·çç ·ã®·â∞·àª·àâ ·äì·â∏·ãç·ç¢...,amh,Amharic,1,1,0.8,"The text creates a divisive comparison between TPLF (·ãà·ã´·äî) and Abiy, suggesting one group is 'many times better' than the other. This framing promotes us-vs-them thinking and sharp division between political groups, which is characteristic of polarized discourse.",
amh_b807ec22f6fa930cec01621a6ccd3cc5,·çã·àΩ·àµ·â± ·ä†·â•·ã≠ ·ä†·àÖ·àò·ãµ ·ä•·ãµ·àö·ã´·â∏·ãç ·àà·å¶·à≠·äê·âµ ·ã´·àç·ã∞·à®·à± ·àÖ·âµ·åª·äì·âµ·äï ·àà·å¶·à≠·äê·âµ ·ä•·ã®·àõ·åà·ã∞ ·äê·ãç·ç¢...,amh,Amharic,1,1,0.85,"The text uses highly charged language calling someone 'fascist' (·çã·àΩ·àµ·â±) and makes accusations about forcing children into war, which creates a clear us-vs-them dynamic with hostile framing against the named individual.",
amh_b04eea18671209e4d0243561941fe15e,@USER ·ä≠·â•·à≠ ·àà·ä•·åç·ãö·ä†·â•·àî·à≠ ·ã≠·àÅ·äï ·ä´·äï·â∫ ·ä†·çç ·ã≠·àÖ·äï ·àò·àµ·àõ·â¥ ·ä†·àõ·à´·äï ·àù·äï·ã´·ä≠·àç ·àµ·â≥·âã·àΩ·àΩ ·ä•·äì ·àµ·â≥·à≥·ã∞·â¢ ·ä•·äï·ã≥·àç·äê·â†·à≠ ·ãõ·à¨ ·àõ·äï ·àù·äï ·ä•·äï·ã∞·àÜ·äê ·àõ·ãà·âÖ·àΩ ·â†·âÇ ·äê·ãç...,amh,Amharic,0,1,0.8,"The text contains accusatory language suggesting past hostility toward the Amhara ethnic group ('·àµ·â≥·âã·àΩ·àΩ ·ä•·äì ·àµ·â≥·à≥·ã∞·â¢' - mocking and insulting), creating an us-vs-them dynamic and implying ethnic-based division and conflict.",
ar_7c368a050fe0fa3f2e3ce9381b044a92,ŸÑÿ∑ŸäŸÅÿ© ŸÅŸÜÿßŸÜÿ© ŸÉÿ®Ÿäÿ±ÿ© ŸàŸÖÿ≠ÿ™ÿ±ŸÖÿ© ŸàŸáŸä ŸÖÿØÿ±ÿ≥ÿ© ŸÖÿ™ÿ¨ÿØÿØÿ© Ÿàÿ±ÿßŸÇŸäÿ© Ÿàÿ¨ÿØŸäÿ±ÿ© ÿßŸÑÿ™ÿπŸÑŸäŸÖ...,arb,Arabic,0,0,0.9,"The text expresses positive appreciation for an artist named Latifa, describing her as great, respected, innovative, refined, and worthy of teaching. It contains only praise without any opposing viewpoints, hostility, or us-vs-them framing.",
ar_3807da9263dd05b8d446e28dfad9527f,"ÿ®ÿπÿØ ÿ®Ÿäÿ™Ÿä Ÿäÿß ÿßŸÑŸÉÿØÿπÿßŸÜ ÿå ÿßŸàŸÅ ÿßŸàŸÅ ŸÑŸà ŸÖŸÉÿ≥ÿ±ŸäŸÜŸáÿß ÿå ŸÖÿß ŸÇÿµÿ±ÿ™Ÿà ÿßÿ≥ÿ®ÿßÿπ 
ÿßŸÑÿπÿ±ÿßŸÇŸä...",arb,Arabic,1,0,0.8,"This appears to be colloquial Arabic expressing frustration or disappointment about something being broken or damaged, but lacks clear us-vs-them framing or hostile division between opposing groups that would indicate polarization.",
ar_e3ff5e7a145f2f1af59fe95994a3ecf7,ŸÖÿß ÿßŸÅÿ™ŸáŸÖÿ™ ÿßŸÑŸÉŸàŸäÿ™ ÿ™ŸÇŸàŸÑ ŸÉÿßÿ∏ŸÖ ÿßŸÑÿ≥ÿßŸáÿ± ÿßŸÜÿ∑ŸÑŸÇ ŸÖŸÜ ÿßŸÑŸÉŸàŸäÿ™ Ÿàÿßÿ≠ÿØ ŸäŸÇŸàŸÑ ÿßŸÜÿ∑ŸÑŸÇ ŸÖŸÜ ŸÑÿ®ŸÜÿßŸÜ Ÿàÿßÿ≠ÿØ ŸäŸÇŸàŸÑ ŸÖŸÜ ŸÖÿµÿ±... ŸÖÿ≥ÿßŸÉŸä...,arb,Arabic,0,0,0.7,"The text expresses confusion about conflicting claims regarding where singer Kazem Al Saher launched his career (Kuwait, Lebanon, or Egypt), ending with a sympathetic comment about successful people facing criticism. While there's mild frustration, it doesn't create hostile us-vs-them divisions or sharp opposing groups.",
ar_a4c06a913d00fe874c4599d6e77487d3,"ŸÖŸÜ  ÿßŸÑÿ®Ÿäÿ∂ÿ© ŸÖŸáŸäŸàÿ® ÿßŸÑÿ≠ÿ± ‚Ä¶ 
ŸÖŸÜ ŸÑÿπÿ® ŸÑÿßŸÜÿØŸäÿ© ÿπÿßŸÑŸÖŸäÿ© ŸÖÿ´ŸÑ ÿ®ÿ±ÿßŸäÿ™ŸàŸÜ Ÿà ŸÖÿßŸÑŸÖŸà ŸÑÿß ÿßÿ≥ÿ™ÿ∫ÿ±ÿ® ÿ™ÿßŸÑŸÇŸá ŸÅŸä ÿØŸàÿ±ŸäŸÜÿß ...",arb,Arabic,1,0,0.85,"The text appears to be a positive sports commentary praising a player's performance, mentioning their experience with international clubs like Brighton and Malm√∂. There's no us-vs-them framing, hostility, or divisive language - just appreciation for athletic talent.",
ar_07608e61292eead7cb1d68bd0e593c97,ÿßŸÑÿßÿ≠ÿ™ŸäÿßŸÑ ÿßŸÑŸÖÿßŸÑŸä Ÿäÿ™ŸÅÿßŸÇŸÖ.. ŸáŸÑ ÿ™ÿ≥ÿ™ÿ∑Ÿäÿπ ÿßŸÑÿ®ŸÜŸàŸÉ ÿßŸÑÿµŸÖŸàÿØ ÿ®ŸÖŸÅÿ±ÿØŸáÿßÿü...,arb,Arabic,0,0,0.8,This appears to be a neutral headline about financial fraud and banking challenges. It poses a question about banks' ability to handle fraud independently without creating us-vs-them divisions or hostile framing between opposing groups.,
ar_8399ad58c0eb8b448609f99ffd278897,ÿ≠ÿ®Ÿäÿ®ÿ™Ÿä ÿ£ÿ≠ŸÑÿßŸÖ ÿßŸÜÿ™Ÿä ÿ™ÿßÿ¨ ÿπŸÑŸâ ÿ±ÿ£ÿ≥ ŸÉŸÑ ŸÜÿ¨ÿ≥ ŸäŸÖÿ≥ŸÉ ÿ®ŸÉŸÑÿßŸÖ ŸÖŸàŸÑÿ¶ŸÇ ŸÅŸäŸÉŸä ŸÖÿßÿπŸÑŸäŸÉŸä ŸÖŸÜŸáŸÖ ÿ™ÿ±Ÿá ŸÉŸÑŸáŸÖ ÿ®Ÿäÿ∫ÿßÿ±ŸàŸÖŸÜŸÉ ÿ≠ÿ®Ÿäÿ®ÿ™Ÿä ÿ£ÿ≠...,arb,Arabic,1,0,0.8,"This is a fan message expressing admiration for someone named Ahlam. While it uses strong positive language ('you are a crown on the head') and dismisses critics ('don't mind them, they're all jealous'), it's typical fan support rather than polarizing content that creates hostile divisions between opposing groups.",
ar_21077e85444f33ef3de08ac9e70db4e7,ÿßÿ≠ŸÑÿßŸÖ ÿÆÿ±ÿß ŸÑÿπŸÜÿ© ÿßŸÑŸÑŸá ÿπŸÑ€å Ÿàÿ¨ŸáŸáÿß ÿßŸÑŸÑŸä ŸÖÿ´ŸÑ Ÿàÿ¨Ÿá ÿßŸÑŸÇÿ±ÿØ...,arb,Arabic,1,1,0.95,"The text contains highly offensive language with dehumanizing comparisons and religious curses directed at a specific person, creating clear hostility and exclusion typical of polarized discourse.",
ar_8348befaabbfa94cf84530ee9569f264,"ÿ≠ÿ™Ÿâ ÿßŸÜÿß ÿ≠ÿ≥Ÿäÿ™ ÿ®ÿßŸÑŸáÿ¨ŸÖÿßÿ™ ŸàÿßŸÜÿß ŸÜÿßŸäŸÖ
ÿßÿµÿ≠Ÿâ ŸÖŸÜ ŸÉÿ´ÿ± ÿßŸÑÿ≥ÿ®ÿ±ŸÜÿ© ÿßÿ≠ÿ≥ ŸÖÿπŸä ŸÜŸÅÿßÿÆ ÿ¥ÿØŸäÿØ ÿßÿ∏ŸÑ ÿµÿßÿ≠Ÿä ŸÑŸÖÿß ÿßÿ™ÿ≥ÿ®ÿ±ŸÜ...",arb,Arabic,0,0,0.85,"The text describes personal physical sensations and sleep disturbances without expressing divisive opinions, hostility toward groups, or us-vs-them framing. It appears to be a personal account of physical discomfort rather than polarizing content.",
ar_da1130c5da773aafc4d23a2cf0bd7e7a,ÿ™ÿ≥ÿ™ÿÆÿØŸÖŸáÿß ŸÑÿ±ÿµÿØ ŸÖÿπŸÑŸàŸÖÿßÿ™ ÿπŸÜ ÿßŸÑÿ£ÿ≥ÿ±Ÿâ.. ÿ≠ŸÖÿßÿ≥ ÿ™ŸÉÿ¥ŸÅ ÿπŸÜ ÿ∂ÿ®ÿ∑ ÿ£ÿ¨Ÿáÿ≤ÿ© ÿ™ÿ¨ÿ≥ÿ≥ ÿ•ÿ≥ÿ±ÿßÿ¶ŸäŸÑŸäÿ© ŸÅŸä ÿ∫ÿ≤ÿ© ÿ≤ÿ±ÿπÿ™ ÿπÿ®ÿ± ÿ≠ŸàÿßŸÖÿßÿ™ ÿµÿ∫Ÿäÿ±ÿ©...,arb,Arabic,0,1,0.8,"The text presents a clear us-vs-them framing between Hamas and Israel, using loaded language like 'Israeli spy devices' and emphasizing surveillance activities. The framing portrays one side as victims of espionage by the other, contributing to polarized discourse in the Israeli-Palestinian conflict context.",
ar_b80e1d8a9bfa7a27d704447a1d2464da,ŸÑŸÖ ŸäÿπÿØ ŸáŸÜÿßŸÉ ÿØÿßÿπ ŸÑŸÖÿ¥ÿßŸáÿØÿ© ŸÖÿ≥ŸÑÿ≥ŸÑ ŸÖÿπÿßŸàŸäÿ© ÿ®ÿ•ŸÖŸÉÿßŸÜŸÉŸÖ ÿ±ÿ§Ÿäÿ© ÿßÿ¨ÿ±ÿßŸÖ ÿ®ŸÜŸä ÿßŸÖŸäÿ© ÿπŸÑŸâ ÿßŸÑŸáŸàÿßÿ° ŸÖÿ®ÿßÿ¥ÿ±ÿ©...,arb,Arabic,1,1,0.85,"The text uses hostile language ('ÿßÿ¨ÿ±ÿßŸÖ' meaning 'crimes') to characterize the Umayyad dynasty (ÿ®ŸÜŸä ÿßŸÖŸäÿ©) and creates an us-vs-them framing by suggesting viewers can see their 'crimes' live, implying sharp division between supporters and opponents of this historical group.",
ar_c36cfc6e889b08be0bfa323159a81899,ÿ™ÿπÿßŸàŸÜ ÿ®ŸäŸÜ ÿ∑Ÿäÿ±ÿßŸÜ ÿßŸÑÿ•ŸÖÿßÿ±ÿßÿ™ ŸàŸÅÿ±ŸäŸÇ ÿßŸÑÿ•ŸÖÿßÿ±ÿßÿ™ XRG ŸÑÿ™ŸÇÿØŸäŸÖ ÿ≠ÿµÿ© ÿ™ÿØÿ±Ÿäÿ®Ÿäÿ© ŸÑÿ¥ÿ®ÿßÿ® ÿßŸÑŸÜÿµÿ±...,arb,Arabic,0,0,0.9,"This text describes a collaboration between Emirates Airlines and Emirates XRG team to provide training sessions for Al-Nassr youth. It's a neutral announcement about a partnership in sports/training context with no divisive language, us-vs-them framing, or hostile content.",
ar_d790f2bc682ac7c6f47fc5cdc06b7546,"ÿ£Ÿàÿ∫ŸÜÿØÿß ÿ™ÿπŸÑŸÜ ÿ™ÿ≥ÿ¨ŸäŸÑ ÿ£ŸàŸÑŸâ ÿßŸÑŸàŸÅŸäÿßÿ™ ÿ®ÿπÿØ ÿ™ŸÅÿ¥Ÿä ""ŸÅŸäÿ±Ÿàÿ≥ ÿ•Ÿäÿ®ŸàŸÑÿß""...",arb,Arabic,0,0,0.9,"This is a straightforward news headline reporting factual information about Uganda announcing first deaths from Ebola virus outbreak. It contains no divisive language, us-vs-them framing, or hostile rhetoric that would indicate polarization.",
ar_8e9d16e5ca2abd9508902ffd1de36a4a,"""ÿßÿ®ÿ™ÿπÿØ ÿπŸÜŸá"".. ""ÿ±ÿπÿ®"" ŸÅŸä ŸÑŸäŸÅÿ±ÿ®ŸàŸÑ ŸÖŸÜ ŸÖÿ≠ÿßÿØÿ´ÿ© ÿµŸÑÿßÿ≠ Ÿàÿ∫Ÿàÿßÿ±ÿØŸäŸàŸÑÿß...",arb,Arabic,0,0,0.8,"This appears to be a sports headline about Liverpool's concern over a conversation between Salah and Guardiola. While it uses dramatic language like 'ÿ±ÿπÿ®' (terror/fear), it's typical sports journalism hyperbole rather than political or social polarization creating us-vs-them divisions.",
ar_ef32bd8359a2c245f58838ad5674ab9e,ŸÑŸäÿ¥ ÿ∂ŸÑ ÿ≠ÿØÿß ÿ®ÿßŸÑÿ≥ÿßÿ≠ŸÑ ÿßŸÑŸÖŸÇÿßÿ®ÿ± ÿßŸÑÿ¨ŸÖÿßÿπŸäÿ© ÿ™ÿ™ŸÉŸÑŸÖ ŸÑÿ≠ÿßŸÑŸáÿß...,arb,Arabic,0,1,0.8,"The text references mass graves and uses emotionally charged language that implies criticism or accusation about people remaining in coastal areas, suggesting divisive framing around a sensitive topic.",
ar_c9b9484c3332d69bd78a3aafcd302b64,ÿ®ÿßŸÑŸÜÿ≥ÿ®ÿ© ÿßŸÑÿÆŸÑŸäÿ¨ŸäŸäŸÜ ÿßŸáŸÖ ŸÖŸÜ ŸÉÿ£ÿ≥ ÿßŸÑÿπÿßŸÑŸÖ‚Ä¶‚Ä¶ ÿ£ÿµŸÑÿß ÿßŸÑÿÆŸÑŸäÿ¨ŸäŸäŸÜ ŸÑÿß Ÿäÿ™ÿ£ŸáŸÑŸàŸÜ ŸÑŸÑŸÖŸàŸÜÿØŸäÿßŸÑ ...,arb,Arabic,0,1,0.8,"The text creates an us-vs-them division by making a generalized negative statement about Gulf countries' football abilities, suggesting they don't qualify for the World Cup. This creates polarization between Gulf nations and others through exclusionary language and dismissive tone.",
ar_6a2d9a0bfd1028ea7445c5b54d2a612b,ÿßŸÑÿßŸÜÿ™ÿ±ŸÜÿ™ ŸÉÿßŸÜ ŸÖŸÇÿ∑Ÿàÿπ ŸÖŸÜ ÿßŸÖÿ®ÿßÿ±ÿ≠ ÿßŸÑÿ≥ÿßÿπÿ© 8 ÿßŸÑŸâ ÿßŸÑŸäŸàŸÖ ÿßŸÑÿ≥ÿßÿπÿ© 4 ÿØŸá ŸÉŸÑÿßŸÖ...,arb,Arabic,0,0,0.9,"This is a factual statement about internet outage from yesterday 8pm to today 4pm. It contains no divisive language, us-vs-them framing, or hostile rhetoric toward any group.",
ar_10b6331c62b8b892ec941c93692ff14e,ŸÑÿπŸÜÿ© ÿßŸÑŸÑŸá ÿπÿ®Ÿàÿ™ŸäŸÜ Ÿàÿ™ÿ±ÿßŸÖÿ® ŸàÿßŸàÿ®ÿßŸÖÿß ŸàŸÜÿ™ŸÜ ŸäÿßŸáŸà Ÿàÿßÿ±ÿØŸàÿ∫ÿßŸÜ ÿÆÿ±ÿ®Ÿà ÿ≥Ÿàÿ±Ÿäÿß ŸàÿØŸÖÿ±ŸàŸáÿß¬†...,arb,Arabic,1,1,0.9,"The text contains strong hostile language ('curse of God') directed at multiple political figures from different countries, creating clear us-vs-them framing by blaming these leaders for Syria's destruction. This represents sharp divisive rhetoric typical of polarized discourse.",
ar_b7a8c1f8ff2441ed2dd4081caff91c1b,ÿßŸÜÿ∑ŸÑÿßŸÇ ÿπŸÖŸÑŸäÿ© ÿ®Ÿäÿπ ŸÇÿ≥ŸäŸÖÿ© ÿßŸÑÿ≥Ÿäÿßÿ±ÿßÿ™ 2025: ÿßŸÑÿ™ŸÅÿßÿµŸäŸÑ ÿßŸÑŸÉÿßŸÖŸÑÿ© ŸàÿßŸÑŸÖÿ±ŸÉÿ®ÿßÿ™ ÿßŸÑŸÖÿπŸÅÿßÿ©...,arb,Arabic,0,0,0.9,"This is a neutral informational headline about the launch of car permit sales for 2025, including complete details and exempt vehicles. It contains no divisive language, us-vs-them framing, or hostile content that would indicate polarization.",
ar_901ac4c3941b9e8f5b35c8d29d59ef90,ÿØÿßÿ¶ÿ±ÿ© ÿßŸÑÿ•ŸÅÿ™ÿßÿ° ÿ£ŸÅÿ™ÿ™ ÿ®ÿ™ÿ≠ÿ±ŸäŸÖ ÿßŸÑÿ≥ÿ¨ÿßÿ¶ÿ± ÿßŸÑÿ•ŸÑŸÉÿ™ÿ±ŸàŸÜŸäÿ© ŸÅÿ¨Ÿàÿ®Ÿáÿ™ ÿ®ÿ™ÿ≠ŸÑŸäŸÑÿßÿ™ Ÿäÿπÿ¨ÿ≤ ÿπŸÜŸáÿß ÿßŸÑÿ¥Ÿäÿ∑ÿßŸÜ | Ÿàÿ≤Ÿäÿ± ÿßŸÑÿ£ŸàŸÇÿßŸÅ ŸàÿßŸÑŸÖŸÇ...,arb,Arabic,0,1,0.8,"The text uses divisive language by describing opposing analyses as 'beyond what the devil can do' (Ÿäÿπÿ¨ÿ≤ ÿπŸÜŸáÿß ÿßŸÑÿ¥Ÿäÿ∑ÿßŸÜ), creating a stark us-vs-them framing between religious authorities and their critics, with demonizing rhetoric that polarizes the debate around e-cigarette regulations.",
ar_23e6ec89243833e327a063b0ab08f5c2,ŸÉŸÑ ÿ®ŸÜÿ™ ÿ®ÿØŸáÿß ÿ™ÿ∑ŸÑÿπ ŸÖŸÜ ÿßŸÑŸÅŸÇÿ± ÿµÿßÿ±ÿ™ ÿ™ÿ¥ŸÑÿ≠ üò£...,arb,Arabic,1,1,0.8,"The text makes a sweeping generalization about girls/women, suggesting that those wanting to escape poverty resort to inappropriate behavior. This creates an us-vs-them framing that stigmatizes women in poverty and promotes divisive stereotyping.",
deu_73922269604c8ac488e19a807c1269f4,">Der Ukraine Vergleich ist passen

Der Ukraine Vergleich ist absolut unpassend - in der Ukraine vers...",deu,German,0,1,0.8,"The text creates a stark us-vs-them contrast between Ukraine and Hamas, using loaded language like 'Bande von Terroristen' (gang of terrorists) and making absolute moral distinctions that frame one side as entirely protective of civilians while demonizing the other as using human shields.",
deu_e6266d5fe6a654110a8f2c4e08af27fa,"Ich wollte dir widersprechen, da ich dachte, etwas anderes gelesen zu haben, aber es ist tats√§chlich...",deu,German,0,0,0.8,The text shows a constructive approach to disagreement - the author initially wanted to contradict but then acknowledged they were wrong after checking facts. This demonstrates openness to correction and evidence-based discussion rather than polarized thinking.,
deu_4d7f2f5c4f56fdbda6a0aad7661727af,"Ich erg√§nze um Machtgier, Geldgier, Ideologie und Verblendung....",deu,German,0,1,0.7,"The text lists strongly negative attributes (power hunger, greed, ideology, delusion) in a way that suggests harsh criticism of an opposing group or viewpoint, indicating polarized framing through hostile characterization.",
deu_4256ba85970a81766825626ac5cb996c,Dieser Politkwechsel von dem die letzte Generation immer spricht? :D...,deu,German,0,0,0.7,"The text appears to be a casual, somewhat mocking comment about 'Letzte Generation' (Last Generation climate activists) and political change, but lacks the hostile us-vs-them framing or sharp divisive language typical of polarized content. The ':D' emoticon suggests a lighthearted tone rather than aggressive polarization.",
deu_27b6d9adef36e16649887ecf66dcca86,Ohne Migration h√§tte es kein Wirtschaftswunder gegeben und wir w√§ren schon l√§ngst bankrott. Migratio...,deu,German,0,0,0.7,The text presents a factual argument about migration's economic benefits and acknowledges people's concerns about media coverage without creating us-vs-them divisions or hostile framing toward opposing views.,
deu_b7bfc464fd4938b9b2600d345c3efb8d,"Ein echt schlechter Witz, dass die bei uns Asyl genie√üen....",deu,German,1,1,0.85,"The text expresses hostility toward asylum seekers using derogatory language ('schlechter Witz') and creates an us-vs-them division ('die bei uns'), showing clear polarization against a specific group.",
deu_60be580664a42a5f44f2743ab8addccc,Hat aber keine zwei Monate gedauert bis nachgebessert wurde und seitdem wurden weitere Verfassungsbe...,deu,German,0,0,0.8,"The text presents factual information about constitutional complaints and legal processes in a neutral, descriptive manner without emotional language, us-vs-them framing, or hostile rhetoric toward any group.",
deu_c1186017766c80d9f78997262884ab0c,Wie kann man da schon wieder irgend eine gender kacke draus machen‚Ä¶....,deu,German,1,1,0.8,"The text uses derogatory language ('kacke') to dismiss gender-related topics, showing hostility toward gender discussions and creating an us-vs-them dynamic between those who support and oppose gender considerations.",
deu_69fc993a66093ec003767a76934f087a,Es ist ganz einfach. Wenn die Radarwellen im Bombenraum Sprungparadies Spa√ü haben wollen die da auch...,deu,German,0,0,0.8,"The text appears to be a technical or humorous explanation about radar waves in a bomb bay, using playful language ('Sprungparadies' - jumping paradise, 'Spa√ü haben' - having fun). While the context involves military equipment, there's no us-vs-them framing, hostility toward groups, or divisive political rhetoric that would indicate polarization.",
deu_c051ed79ac6d6c1da6c69e1115016859,"Was nicht verkehrt ist da China mit der ganzen Welt unfair konkurriert (Arbeitsbedingungen, Umweltsc...",deu,German,1,0,0.7,"The text presents a critical view of China's trade practices but does so in a measured way, acknowledging specific issues (working conditions, environmental protection) rather than using hostile us-vs-them language or extreme divisive framing.",
deu_d7ff6bd6d239b95756795d453b782e59,"Nein, das war der russische Angriff auf die Ukraine....",deu,German,0,0,0.8,"This is a factual statement about the Russian attack on Ukraine without hostile language, us-vs-them framing, or divisive rhetoric that would indicate polarization.",
deu_849e720c7e9acec7df2ed3f3134cf5e4,Die Putenpuppe soll nach Moskau...,deu,German,1,0,0.9,"This appears to be a simple, neutral statement about a turkey puppet going to Moscow. There is no hostile language, us-vs-them framing, or divisive content that would indicate polarization.",
deu_aef10c0c1e2c3c5a447c1f3ea3e53be2,"Ach die Juden wurden verfolgt, weil sie die Regierung kritisiert haben?...",deu,German,0,1,0.9,"The text uses sarcastic questioning to trivialize or distort the historical persecution of Jews, creating an us-vs-them dynamic that minimizes historical atrocities and promotes divisive framing around Jewish persecution.",
deu_ddc1ae3e17ac48aedd03d4559dc81b93,"Wo denn? D√§nemark gegen deutschland?
Ansonsten ist russland raus, die nato kann konventionell mit ru...",deu,German,0,1,0.7,"The text contains aggressive military language ('den Boden wischen' - to wipe the floor) and presents a confrontational us-vs-them framing between NATO and Russia, suggesting military superiority in a dismissive tone.",
deu_9e7e3e8c4aeb8f48eccbe030a3332e46,Geht noch einfacher. Pass wegschmei√üen und dann asyl rufen. Kriegst alles....,deu,German,1,1,0.85,"The text promotes a hostile us-vs-them narrative about asylum seekers, suggesting they exploit the system by discarding passports to fraudulently claim asylum benefits. This creates divisive framing that portrays asylum seekers as manipulative outsiders taking advantage of 'us' (the in-group).",
deu_851c256d2b5cea4327f47525e688944c,Wie sie versuchen schonmal Mitleid zu erwecken damit sie bald noch mehr importieren k√∂nnen hier her....,deu,German,1,1,0.85,"The text contains polarizing language with us-vs-them framing ('they try to evoke pity so they can import even more here'), dehumanizing references to people as imports, and presents a stark binary choice regarding military tactics without acknowledging complexity or humanitarian concerns.",
deu_56d7dce40876d26b562ee8f0707f4e99,"Selbst wenn's schwarz auf wei√ü raus k√§me, dass die ukrainische Regierung dahinter gesteckt hat, w√ºrd...",deu,German,1,1,0.8,"The text implies an us-vs-them dynamic suggesting that support for Ukraine would continue regardless of evidence of wrongdoing, framing the situation as biased and unconditional support despite potential misconduct. This creates polarization by suggesting inflexible positions and implicit criticism of supporters.",
deu_0d74dac64cda778ee25d55ebf978a0dc,Die Obsession der NZZ-Schreiberlinge mit dem Woke-Begriff grenzt wirklich langsam an Geisteskrankhei...,deu,German,1,1,0.85,"The text uses hostile language ('Obsession', 'Geisteskrankheit') to attack NZZ writers, creating an us-vs-them dynamic between the author and media figures. The derogatory term 'Schreiberlinge' and comparison to mental illness shows clear antagonistic framing.",
deu_84dab3de3f43eea644380830170026df,W√§hrend Covid war es besser....,deu,German,0,0,0.8,"This is a simple comparative statement about Covid times being better, without hostile language, us-vs-them framing, or divisive rhetoric that would indicate polarization.",
deu_e6f14e15d06a0eddf19409965ebf5f19,FFF hat zuletzt weit mehr erreicht. Ist dann halt in Corona und Ukrainekrieg ein bisschen untergegan...,deu,German,0,0,0.8,"The text presents a neutral, factual observation about Fridays for Future's achievements being overshadowed by other events. No hostile language, us-vs-them framing, or divisive rhetoric is present.",
en_7e05b370061f7182e2079178736a250d,Republicans propose splitting Gwinnett between four...,eng,English,0,0,0.8,"The text appears to be an incomplete news headline about a Republican proposal regarding Gwinnett (likely a county or district). While it mentions a political party, there's no hostile language, us-vs-them framing, or divisive rhetoric present in this fragment.",
en_d0ee97b42590bcd5d5ee6f04373fc320,Are you telling me that MAGA folks dont have deep nuance to their xenophobia?...,eng,English,1,1,0.85,"The text uses sarcastic language to characterize an entire political group (MAGA) as xenophobic, creating an us-vs-them dynamic and hostile framing that divides people into opposing camps.",
en_dcc6c27bb2f1e5b99100dcd9f61ba5a7,GOP members reject housing department nominee due...,eng,English,0,0,0.3,"The text appears incomplete and lacks sufficient context to determine polarization. It mentions GOP members rejecting a nominee, which could indicate political division, but without the complete statement or reasoning, it's impossible to assess whether it contains hostile us-vs-them framing or sharp divisive language.",
en_934771e122ed79352c57e60b0b1746bb,whats your favorite conspiracy theory?...,eng,English,0,0,0.8,"This is a neutral, open-ended question asking about personal preferences regarding conspiracy theories. It doesn't express hostility, create us-vs-them divisions, or promote opposing group identities. The tone is conversational and curious rather than divisive.",
en_92a7ed1a58634e0acad602dd9e7ab564,lol coming from a paid new outlet by the dumpster fire democrats fake news....,eng,English,1,1,0.9,"Contains hostile us-vs-them language with derogatory terms ('dumpster fire democrats'), dismissive framing ('fake news'), and clear partisan division that excludes and demonizes the opposing political group.",
en_6d871be989a5deb482b07b817ba5974d,Two Rivers Supervisory Union Issues Public Notices...,eng,English,0,0,0.95,"This appears to be a neutral administrative headline about a supervisory union issuing public notices. There is no divisive language, us-vs-them framing, or content that would create opposing groups or hostility.",
en_38e6104954fd8db3e1b83fa653bee29b,What students should know the Israel and Hamas...,eng,English,0,0,0.8,"This appears to be an incomplete educational question or headline about what students should know regarding Israel and Hamas. It lacks divisive language, us-vs-them framing, or hostile rhetoric that would indicate polarization.",
en_9b148c0f74fc2fb4f4ceaadc8210a9a7,They didnt. He is an illegitimate president who obtained power through a rigged election....,eng,English,1,1,0.95,"Text contains strong us-vs-them framing by delegitimizing political opposition, using charged language like 'illegitimate' and 'rigged election' that creates sharp division and hostility toward the opposing political group.",
en_eafb3cd03934546b84b89728828ee365,"IEBC LISTED 1,031,645 new voters in the second phase of the national voter registration exercise tha...",eng,English,0,0,0.9,"This is a factual, neutral report about voter registration statistics from IEBC. It presents objective information without emotional language, us-vs-them framing, or divisive rhetoric that would indicate polarization.",
en_7e8a592ea3b0d3a1910ee92919889a72,"Early voting is now, go vote...",eng,English,0,0,0.9,"This is a neutral, factual statement encouraging civic participation without any divisive language, us-vs-them framing, or hostile tone toward any group.",
en_31a6e9f6f0a47fd848d1c7af99f60385,GOP defense bill bars Pentagon from enacting Bidens...,eng,English,0,1,0.8,"The text frames the issue as GOP versus Biden in an adversarial manner, using 'bars' which suggests blocking/opposition. This creates an us-vs-them dynamic between political parties, though the text is incomplete which limits full assessment.",
en_0d9c500e39edc99af8c61c45db8825a2,Lazy woke excuse to justify sjw practices...,eng,English,1,1,0.85,"Uses divisive political terminology ('woke', 'sjw') in a dismissive, hostile manner that frames social justice concepts as inherently negative, creating clear us-vs-them opposition.",
en_f85aca98f0931b0ff10cb7d2519e49fb,capitalism really popped off with christmas...,eng,English,0,0,0.8,"This is a casual, observational comment about capitalism and Christmas without hostile language, us-vs-them framing, or divisive rhetoric that would indicate polarization.",
en_1c7fcccdadab293830c52a4849405928,Finest form of propaganda Ive seen in awhile....,eng,English,1,1,0.75,"The text dismisses content as 'propaganda' which creates an us-vs-them dynamic by implying deception and manipulation, though it lacks explicit hostility or group targeting that would make it more strongly polarized.",
en_5b5c1bc1dd15be4faf3fdcdc73a1cfee,"Governments gunna start requiring CRT and gender ideology studies in private religious schools, Im c...",eng,English,0,1,0.85,"Uses loaded terms like 'gender ideology' and frames government education requirements as an attack on religious freedom, creating an us-vs-them dynamic between government/secular education and religious communities.",
en_8b58e867bc08e524c910b1cecd7498af,"whats even funnier was this land Russia ""annexed"" was to be returned to Ukraine in the Lisbon peace ...",eng,English,0,1,0.9,"Text exhibits strong polarization through repeated accusations ('THE WEST LIES LIES LIES'), us-vs-them framing (West vs Russia/Ukraine), conspiracy-style claims about Western manipulation, and hostile language that divides parties into opposing camps with clear antagonism.",
en_7f508bd5269a29279d99e60344cf3439,We can hear Israeli warplanes airborne over Gaza...,eng,English,0,0,0.8,"This appears to be a factual observation about aircraft activity without expressing divisive opinions, us-vs-them framing, or hostile language toward any group.",
en_f85ddeb4e24a77d881d1a54b148409d7,Another 3 billion in military aid for Ukraine....,eng,English,0,0,0.8,"This is a factual statement about military aid without inflammatory language, us-vs-them framing, or hostile rhetoric that would indicate polarization.",
en_b28b21c574bf74d78b7a8bab13796fbe,He complaining about the border while Biden gets Mexico to pay 1.5 billion for border security....,eng,English,0,1,0.75,"The text shows political polarization by contrasting 'he' (likely a political opponent) as merely 'complaining' while positioning Biden as taking effective action, creating an us-vs-them dynamic between political figures and their approaches to border policy.",
en_02a32c67fd6ec526fb2f61d2ea4443cc,"Ofc the Tinder Swindler is ""Israeli""...",eng,English,1,1,0.8,"The text uses quotation marks around 'Israeli' in a dismissive way that suggests negative stereotyping based on nationality/ethnicity, creating an us-vs-them dynamic that implies inherent negative traits associated with being Israeli.",
hau_faffc925bcf504fc5f105d7048d65027,be like say elon musk don don see shege and pepper for woman hand.üòÖüòÖüòÖüòÖüòÖ ##url...,hau,Hausa,0,0,0.8,"This appears to be a humorous comment in Hausa about Elon Musk experiencing difficulties with women, using colloquial expressions. While it makes a personal observation, it doesn't create opposing groups or express hostility toward any particular faction - it's more of a lighthearted commentary.",
hau_02d4233c60f738d23d660066eee82f35,@USER they are full of shit barayin banza...,hau,Hausa,0,1,0.85,"The text contains hostile language with profanity ('full of shit') and derogatory terms in Hausa ('barayin banza' meaning 'useless thieves'), creating a clear us-vs-them dynamic with strong negative characterization of the targeted group.",
hau_b91d92e900c5e350b5b7c8b61d1d45f9,"Yan birni nata boko, yan kauye kuma nata Aure. üòÇüòÇ...",hau,Hausa,0,1,0.8,"The text creates a divisive us-vs-them comparison between urban people (yan birni) associated with Western education (boko) and rural people (yan kauye) associated with marriage (Aure), reinforced by laughing emojis that suggest mockery or dismissiveness toward one or both groups.",
hau_81682e72afac5d9cbcc5271ae369fed2,4. the 1st lady suddenly loves almajiri..they are currently her children...,hau,Hausa,0,1,0.75,"The text uses sarcastic language ('suddenly loves') and implies hypocrisy or opportunism by the First Lady regarding almajiri children, creating an us-vs-them dynamic between political figures and their claimed beneficiaries.",
hau_528406355bcad3436407a267a853168f,"@USER wallahi, allah kare my daga shartin yahudu...",hau,Hausa,0,1,0.85,"The text contains a religious invocation asking Allah to protect from 'Jewish conditions/terms' (shartin yahudu), which frames Jews as a threat or negative force, creating an us-vs-them dynamic based on religious/ethnic identity.",
hau_d1797bc0e29ab491f61846c3a591fa3f,@USER ai gara dai su sakko ka haka nan...,hau,Hausa,0,0,0.7,"The text appears to be a casual conversational statement in Hausa without clear divisive language, hostile framing, or us-vs-them rhetoric that would indicate polarization.",
hau_39d2b9620728df8e36291249e2714325,@USER ka kyale matsiyata kawai.... ubanwa yace yayi picture haka da wadda ba muharramar saba...,hau,Hausa,0,0,0.7,"The text appears to be a personal conversation or comment about someone taking a picture, without clear indicators of group division, hostility, or us-vs-them framing that would constitute polarization.",
hau_48fc47f3ce1aa46a43e688854e556a81,wai sunce e arna kawai kake turawa. ##url...,hau,Hausa,0,1,0.7,"The text contains accusatory language ('sunce e arna kawai kake turawa' - 'they say you are just pushing paganism') that frames religious differences in hostile terms, creating an us-vs-them dynamic between religious groups.",
hau_9b13b2e186143e6c6a9b2bb8fbfb8c02,tunanin me kiwo din ae ya siyarwa inyamurai ne ba jama'arsa b ##url...,hau,Hausa,0,0,0.3,"The text appears to be a fragmented question or statement in Hausa about livestock/cattle and selling, but lacks clear opposing group framing or hostile language that would indicate polarization. The incomplete nature and potential URL reference make definitive assessment difficult.",
hau_ff8e49d6d21eec23b81807c8d44719cc,@USER the person behind this account i pray allah ya sa ka haifi yar iska... tunda har yanzu baku sa...,hau,Hausa,0,1,0.85,"The text contains a curse/prayer wishing misfortune ('ya sa ka haifi yar iska' - may you give birth to wind/nothing) and accusatory language about wrongdoing ('haram kuke aikawata' - you are doing forbidden things), creating hostile us-vs-them framing typical of polarized discourse.",
hau_a0f096abaf4fc1d0557f85a5b45992b9,"kaf twitter ba hoto me jin jiki kamar na diyar nan üò§ haushi nake ji in nayi karo dasu, gashi kattin ...",hau,Hausa,0,1,0.75,"The text expresses strong frustration and anger toward a specific group on Twitter, using dismissive language ('kattin banza' - completely useless) and labeling them as troublemakers ('yan wahala'). This creates an us-vs-them dynamic with hostile framing.",
hau_36a38449c2f445cbfa28410e266440c0,Muna rokon Allah ya shirya bala marke Amma tabbas bala marke yayi markade markade kala kala...,hau,Hausa,0,0,0.8,This appears to be a religious prayer or supplication in Hausa asking Allah for protection from calamity/disaster. It expresses hope and faith rather than creating divisions or us-vs-them framing between groups.,
hau_5557163320fea28644ec79e1b3edc652,shege don see me finish ü§¶üèª‚Äç‚ôÄÔ∏è...,hau,Hausa,0,0,0.7,"This appears to be a personal expression of frustration or exasperation using Hausa slang ('shege') with an emoji. While the language is informal and potentially crude, it doesn't contain divisive us-vs-them framing or create opposing group hostility that characterizes polarization.",
hau_7ef83615514fda0ab6078743b08eaa92,"Duk shakiyancin da wannan agwalagwan yake, Buhari ne ya jaza mana tare da wasu sakarkaru üëÅÔ∏è! Gaskiya...",hau,Hausa,1,1,0.75,"The text contains accusatory language blaming Buhari and associates ('sakarkaru' - accomplices) for problems, using confrontational tone with phrases like 'ya jaza mana' (brought upon us) and ending with 'Gaskiyar batu' (the truth of the matter), indicating us-vs-them framing typical of political polarization.",
hau_315cec05a0ace22e27bfca2f1b7cb688,@USER nidai banga inda ya ambaci kalmar kafirci ba amma zaka iya fada man the exact second ko a ciki...,hau,Hausa,0,0,0.7,The text appears to be asking someone to provide evidence or clarification about where exactly someone used the word 'kafirci' (disbelief/infidelity) or called people 'kafirai' (disbelievers). This seems more like a request for verification or proof rather than expressing polarized views or creating us-vs-them divisions.,
hau_cf375a38b0bc7669ce77b0ba4775349d,"@USER dan shegiya jiki ba, dan yar kauye!...",hau,Hausa,0,1,0.8,"The text contains derogatory language ('dan shegiya jiki ba, dan yar kauye') which translates to insulting terms like 'illegitimate child' and 'village person' used as slurs, creating an us-vs-them dynamic and hostile exclusionary language typical of polarized discourse.",
hau_c7082eb307f1ec163c4b5be3eeffb1a2,@USER that our src president is there talking trash. dan kutumar uba...,hau,Hausa,1,1,0.8,"The text contains hostile language toward a president ('talking trash') and uses derogatory terms ('dan kutumar uba' - son of a leper), creating clear us-vs-them framing with insulting rhetoric directed at a political figure.",
hau_a9d595b048dc7863981e96f9f5808e5a,@USER to ke yar ina ce in su yan duniya ne...,hau,Hausa,0,0,0.7,"The text appears to be a casual conversational fragment in Hausa asking about someone's identity or origin ('are they from this world/place'). No clear divisive language, hostility, or us-vs-them framing is evident in this brief statement.",
hau_9c6ed4ae7ec8e634a3d4b105a0949596,be like you done see shege üòÇüòÇ ##url...,hau,Hausa,0,0,0.8,"This appears to be casual, humorous commentary using Hausa slang ('shege' meaning trouble/hardship) with laughing emojis, suggesting lighthearted teasing rather than divisive or hostile language that would indicate polarization.",
hau_b3a3b763aaa35d99af8220175ef98cb4,Mutumin arziki ai baya satar akwati...,hau,Hausa,0,0,0.8,This Hausa text translates to 'A rich person does not steal a box/ballot box' - it appears to be a simple statement about wealth and theft/electoral integrity without creating opposing groups or hostile us-vs-them framing.,
ita_e3773d88e2d693ce38052b40f7556f6c,@USER Ma se hanno gi√† detto che in mezzo a questi si nascondono dei terroristi!!! Dopo la mafia nige...,ita,Italian,1,1,0.9,"The text uses fear-mongering language about terrorists hiding among immigrants, creates an us-vs-them dynamic between Italians and foreign groups (Nigerian mafia, Libyan terrorists), and employs exclusionary rhetoric with 'No, grazie' rejecting immigration entirely based on stereotyping.",
ita_6deee928da30e7fa7dac30757937dd1e,"‚ú≥Ô∏è@USER‚ñ∂‚ú≥Ô∏èlmmcompanyfull‚ñ∂Sabato Santo Oggi voglio augurare un week-end di pace, amore e rifiuto di a...",ita,Italian,0,0,0.8,"The text expresses wishes for peace, love, and rejection of terrorist actions during Holy Saturday. While it mentions rejecting terrorism, it does so in a peaceful, inclusive manner without creating us-vs-them divisions or hostile language toward specific groups.",
ita_d2b3d224746ae324a811e8058f2aac1a,"@USER @USER Io a mia figlia di 6 anni li faccio proprio frequentare i profughi, come la guardo? con ...",ita,Italian,0,0,0.8,"The text expresses a positive, inclusive stance about letting their 6-year-old daughter interact with refugees, emphasizing love and mutual respect. This promotes unity rather than division or us-vs-them framing.",
ita_375a994491ae8267af57d5723af32e16,beyonce ha rotto in culo tutti i record. be brava. e con zero promo....,ita,Italian,0,0,0.85,"This is enthusiastic praise for Beyonc√©'s record-breaking achievements. While using strong/crude language for emphasis, it expresses admiration rather than creating divisive us-vs-them framing or hostility toward opposing groups.",
ita_4bd9f75ae4d755bbeb30fbe70a63f4f7,@USER visto che non ho avuto xiao ho dovuto assemblare una nuova squadra di femminielli per la mia s...,ita,Italian,0,0,0.7,"The text appears to be about assembling a gaming team after not getting a character named 'xiao', using colloquial language. While 'femminielli' could be considered crude slang, the context seems to be about gaming strategy rather than creating divisive us-vs-them rhetoric or hostile group divisions.",
ita_fbbae877650ab4b167d8c17ec7e221ff,@USER @USER @USER:i migranti possono entrare in @USER solo se:evangelizzati e senza veli.Italia deve...,ita,Italian,0,1,0.85,"The text creates an us-vs-them division by imposing religious and cultural conditions on migrants (evangelized and without veils), suggesting exclusion based on religious identity and promoting nationalist isolation ('Italy must do it alone').",
ita_889d25b1c0a7735e10ab5f11aea7a7fc,"Nuovi reparti alla #Lidl, da domani ci saranno gli escape rom...",ita,Italian,0,1,0.85,"The text contains a derogatory play on words ('escape rom' instead of 'escape room') that appears to target Roma people, using discriminatory language that creates an us-vs-them dynamic against an ethnic minority group.",
ita_7b07e20dfc940ef7ffb15a63828cff7c,@USER tornate nei vostri paesi li avrete tutte le moschee che volete....no a Roma islamizzata...,ita,Italian,0,1,0.95,"The text contains clear us-vs-them framing ('go back to your countries'), exclusionary language targeting Muslims, and opposition to Islamic presence in Rome. This creates sharp division between 'us' (presumably Italian/Christian Romans) and 'them' (Muslims), with hostile undertones.",
ita_88a3cd147eb4663e60c44849b479d747,"L'ALLEGRA ARMATA DEI ROTTINCULO, altro CHE BANCAROTTA. SUVVIA, SIATE SERI DA ORA IN POI. OK ??? [URL...",ita,Italian,1,1,0.85,"The text uses aggressive language, derogatory terms ('ROTTINCULO'), excessive capitalization suggesting shouting, and dismissive tone that creates an us-vs-them dynamic against an unnamed opposing group.",
ita_56bd37fcd974175b9b04b7fcc8246996,"Liste stranieri: ""Speriamo sia retorica"" dice l'Italia @URL...",ita,Italian,0,0,0.3,"The text appears to be a neutral news headline about Italy's response to foreign lists, expressing hope that something is rhetorical. While it mentions foreigners which could be a sensitive topic, the tone seems diplomatic rather than divisive or hostile.",
ita_6f076fb7323babb425c4d6ce5c7ff04f,"Adi, anche Dio fa campagna gender, non se ne pu√≤ pi√π. Sar√† ricchione pure lui? Se √® un lui [URL]...",ita,Italian,1,1,0.9,"The text contains derogatory language ('ricchione' - a homophobic slur) and hostile framing against gender campaigns and LGBTQ+ issues, creating clear us-vs-them division with exclusionary language.",
ita_7023f86725086ca55f6feaf97a9ad515,@USER Basta mi sono rotto le palle. Noi facciamo cagare in strategia e pit ma il culo di quelli li n...,ita,Italian,0,1,0.7,"The text shows frustration and creates an us-vs-them dynamic ('Noi facciamo cagare' vs 'quelli li') with hostile language, though it appears to be about sports/racing strategy rather than broader social divisions.",
ita_cd3f0272e7e97b869adfb47a16975aed,"RT @USER Uno lavora in silenzio, gli altri fanno cagnara. Se io fossi quello che lavora direi, annat...",ita,Italian,0,1,0.8,"The text creates a clear us-vs-them division between 'one who works in silence' versus 'others who make noise', using hostile language and vulgar expressions to express contempt for the opposing group.",
ita_9850527988a3b896ba70689ec1a7aa71,"#quartarepubblica
#Islamofobia √® giusto, perch√® il #Corano √® contro i nostri principi e contro la #C...",ita,Italian,1,1,0.9,"The text promotes Islamophobia as justified, creates a stark us-vs-them division between Islamic principles and Italian constitutional values, and frames tolerance as lies and hypocrisy. This demonstrates clear polarization with hostile framing against a religious group.",
ita_90bf52dc6538105d5fc2e5da247707f9,RT @USER Il prossimo ricchione che fa sta roba lo tiro sotto con l‚Äôauto...,ita,Italian,1,1,0.95,"Contains homophobic slur ('ricchione') and explicit threat of violence ('lo tiro sotto con l'auto'), creating clear us-vs-them hostility against LGBTQ+ individuals",
ita_8c0bbd9c7cf1d44f2b6aaf9bdd13722c,"Austria: Forza Nuova, manifestazione in favore di Hofer - Anche slogan contro l'immigrazione @URL...",ita,Italian,0,1,0.8,"The text mentions Forza Nuova (a far-right Italian movement) organizing a demonstration supporting Hofer (likely Norbert Hofer, Austrian far-right politician) with anti-immigration slogans. This represents clear us-vs-them framing around immigration and political ideology, creating sharp divisions between opposing groups.",
ita_c89e3b557ea8baefe3dad7d73d80ebfd,"Ci vorrebbe una bomba atomica in modo da fare saltare in aria la libia, siria e tutti i terroristi. ...",ita,Italian,1,1,0.95,"The text contains extreme violent language calling for nuclear bombing of entire countries and dehumanizing language against groups, creating clear us-vs-them hostility and advocating for mass destruction.",
ita_a1f5bf36e1dac702edbdbc2ffd712f29,Oggi un problema serio che e' venuto sicuramente e aumentato da un immigrazione incontrollata e non ...,ita,Italian,0,1,0.85,"The text frames immigration as 'uncontrolled and unmanaged' and directly links it to criminal activity ('Nigerian mafia'), creating an us-vs-them narrative that portrays immigrants as a threat. The language suggests hostility toward immigrant groups and promotes divisive framing.",
ita_9f2c21c730429e1144c3257edd5ce243,"@USER non sei ugraigno non puoi sapere di guerra, non sei virologo non puoi sapere di vaccini, non s...",ita,Italian,0,1,0.85,"The text uses derogatory language ('ricchione') and creates exclusionary us-vs-them divisions based on identity categories (Ukrainian, virologist, sexual orientation), suggesting only certain groups can have valid opinions on specific topics. This framing promotes hostility and exclusion.",
ita_d10d0e5dc725a9be91c91958b8971525,"@USER No..ma tranquilli..va bene cos√¨!! Il sole splende, gli uccellini cinguettano e i ""poveri migra...",ita,Italian,1,1,0.95,"The text exhibits clear polarization through sarcastic language about migrants, apocalyptic framing ('fino alla nostra fine'), and hostile labeling of political opponents as 'comunisti schifosi' with angry emojis, creating a strong us-vs-them dynamic.",
spa_59c4f04c087e7ea9a65daef167965ba2,"amigos, aqui una imagen que demuestra por que trump esta en contra del aborto:...",spa,Spanish,1,1,0.8,"The text presents a politically divisive topic (Trump's stance on abortion) in a way that suggests providing 'proof' or 'demonstration' of a position, which typically frames complex issues in black-and-white terms and can contribute to us-vs-them political polarization.",
spa_328edc44d86194a75e7491facc3e39a2,a ver un partido de champions en bcn!! (soy homosexual y del athletic)...,spa,Spanish,0,0,0.9,"This is a casual, personal statement about watching a Champions League match in Barcelona. The person mentions being homosexual and supporting Athletic Club, but there's no hostile language, us-vs-them framing, or divisive rhetoric that would indicate polarization.",
spa_1915f9a56e2e6f1454d3779eb3ee0677,las feminazis adultas solo necesitan un hombre que las ame y las feminazis adolescentes un papa...,spa,Spanish,1,1,0.9,"Uses derogatory term 'feminazis' to create hostile us-vs-them framing against feminists, employing reductive stereotypes that dismiss women's agency and political views based on perceived personal deficiencies.",
spa_04b8c2408bf003c354774d5f846124d0,titulares de hoy. de hoy. no termino de entender como funciona esta dictadura woke-feminazi....,spa,Spanish,1,1,0.9,"Uses derogatory compound terms 'woke-feminazi' and 'dictadura' to create hostile us-vs-them framing against feminist/progressive movements, employing inflammatory language that sharply divides groups",
spa_f6cf0cc338cd95a33fbcc9e8493e68c7,es como cuando los antisemitas usan los argumentos de algun judio renegado o de un judio antisionist...,spa,Spanish,1,1,0.8,"The text creates an us-vs-them dynamic by labeling Jewish people as either 'renegade' or 'anti-Zionist' when used by antisemites, implying division within Jewish communities and framing certain Jewish voices as illegitimate or traitorous.",
spa_9044ced391e110db8ddd22f1efbad9d7,un votante latino de trump deportado...,spa,Spanish,0,0,0.7,"This appears to be a factual headline or news reference about a Latino Trump voter being deported. While it touches on politically sensitive topics, it doesn't contain hostile language, us-vs-them framing, or divisive rhetoric that would indicate polarization.",
spa_73b289f6189c3ac05b15d33178dc3d0e,el maricon que me ha hecho un cumplido en el curro hola y teamo...,spa,Spanish,1,0,0.7,"While the text contains a derogatory term ('maricon'), it appears to be used in a casual, non-confrontational context about someone giving a compliment at work. There's no clear us-vs-them framing or hostile division between opposing groups that would indicate polarization.",
spa_c315edcaa6589034f370657b319ea689,"el judio con la tonelada de antimateria
el judio que vende el boson para comunicaciones cuanticas.
q...",spa,Spanish,0,1,0.85,"The text uses 'el judio' (the Jew) as a categorical label in contexts that appear to invoke antisemitic stereotypes about Jewish people controlling advanced technology or commerce, creating an us-vs-them framing through ethnic categorization.",
spa_03ac06f646d84b15407ddcbf67e26ef9,castrillon en un pais serio ya estaria deportado...,spa,Spanish,0,1,0.8,"The text creates an us-vs-them division by implying that 'serious countries' would deport Castrill√≥n, suggesting the current country is not serious and creating polarized framing around immigration/deportation policies.",
spa_bb04ba94006a6613d3954eb8b8a65e6a,que hace la puta justicia corrupta espanola de mierda?...,spa,Spanish,1,1,0.9,"The text uses highly inflammatory and derogatory language ('puta', 'corrupta', 'de mierda') to attack the Spanish justice system, creating a hostile us-vs-them framing that presents the institution as fundamentally corrupt and worthless.",
spa_95475fede08f692c509b936bd67fbfbb,"en este pais mas feminazis asquerosas dictadoras tienen a la puta justicia "" comprada por el gobiern...",spa,Spanish,1,1,0.95,"The text contains highly polarizing language with derogatory terms ('feminazis asquerosas', 'puta justicia'), creates clear us-vs-them framing against feminists and the government, uses inflammatory political labels ('comunistas'), and expresses hostility toward opposing groups through insulting language.",
spa_aa39d0dfdafff3125e5b3ea312d7b97d,sabes que mery es solo una zorra....,spa,Spanish,1,1,0.8,"The text uses a derogatory term ('zorra') to attack an individual named Mery, creating a hostile us-vs-them dynamic that excludes and demeans the target person.",
spa_8ed04e8d7cda201c0d18d5e4a00390e4,"me cagan los gringos por que desconocen a robbie williams, como no es gringo...",spa,Spanish,0,1,0.8,"The text expresses hostility toward Americans ('me cagan los gringos') and creates an us-vs-them division based on nationality and cultural knowledge, showing clear polarization between groups.",
spa_95f64aebe11528618a1ee725afa6cb4c,charles tu eres homosexual?...,spa,Spanish,0,0,0.8,"This appears to be a direct personal question about sexual orientation without hostile language, us-vs-them framing, or divisive rhetoric that would indicate polarization.",
spa_d5924a0bebe6353535a9f68f650cd8ae,"avia,avia,lo mas indigena que lei...",spa,Spanish,0,0,0.8,"The text appears to be a fragmented or incomplete Spanish phrase mentioning 'indigenous' but lacks clear opposing groups, hostility, or us-vs-them framing that would indicate polarization.",
spa_0951d12a59b4274f42108d7fc52db744,"mi apellido paterno es indigena
y el materno es espanol....",spa,Spanish,0,0,0.9,"The text simply states factual information about the person's heritage (indigenous paternal surname, Spanish maternal surname) without expressing hostility, creating divisions, or framing groups in opposition to each other.",
spa_eea3d6efff24f2b9e513e774fc28b9f5,"si es de origen judio, y?...",spa,Spanish,0,0,0.7,"The text simply asks 'if they are of Jewish origin, so what?' which appears to be dismissing the relevance of someone's Jewish heritage rather than creating divisive us-vs-them framing or expressing hostility.",
spa_344f424307844c04d03401775ac4d72e,hugo sanchez feminista callate alv!!...,spa,Spanish,1,1,0.85,"The text contains hostile language ('callate alv') directed at someone labeled as feminist, showing clear us-vs-them framing and aggressive dismissal based on ideological positioning.",
spa_6cb60bc3d3b48143739675ba16afc1aa,tampoco podemos decir que se haya perdido gran cosa si alguien siguio las recomendaciones medicas de...,spa,Spanish,0,1,0.85,"The text expresses dismissive hostility toward evangelical pastors and their followers, suggesting their deaths are 'no great loss' - creating a clear us-vs-them division with dehumanizing language.",
spa_a9090255b3ea73e760642e07afab34e9,tarde. debio de abortar tu madre...,spa,Spanish,1,1,0.95,This is a highly offensive personal attack using abortion as a weapon to dehumanize and attack someone's right to exist. It creates clear us-vs-them hostility and exclusion through extreme personal insult.,
ur_c029b310190f58d6066fa86c395418fd,ÿ™ÿßÿ≤€Å ÿ™ÿ±€åŸÜ: ÿ®ÿ±€ÅÿßŸÜ ŸàÿßŸÜ€å ⁄©€å Ÿæ€ÅŸÑ€å ÿ®ÿ±ÿ≥€åÿå ÿ®⁄æÿßÿ±ÿ™ ÿ®Ÿà⁄©⁄æŸÑÿß ⁄Ø€åÿß ŸÇÿßÿ®ÿ∂ ŸÅŸàÿ¨ ⁄©Ÿà ÿ±€åÿßÿ≥ÿ™€å ÿØ€Åÿ¥ÿ™ ⁄Øÿ±ÿØ€å ⁄©€å ⁄©⁄æŸÑ€å ÿßÿ¨ÿßÿ≤ÿ™  ÿ®⁄æÿß...,urd,Urdu,1,1,0.9,"The text uses highly charged language with clear us-vs-them framing, referring to 'occupying forces', 'state terrorism', and 'hostage-taking'. It presents a one-sided narrative that demonizes one party (Indian forces) while portraying the other side as victims, creating sharp polarization around the Kashmir conflict.",
ur_eac26b6f7f7f3162bc59c8a29eb69492,ÿß€åŸÖ ⁄©€åŸàÿß€åŸÖÿå ŸÖŸÑ⁄© ŸÖ€å⁄∫ ŸÖÿ∞€Åÿ®€å ÿ±ŸàÿßÿØÿßÿ±€å ÿßŸàÿ± ŸÅÿ±ŸÇ€Å Ÿàÿßÿ±ÿßŸÜ€Å €ÅŸÖ ÿ¢€ÅŸÜ⁄Ø€å ⁄©ÿß ŸÅÿ±Ÿàÿ∫ ⁄Üÿß€Åÿ™€å €Å€íÿå ÿßŸÑÿ∑ÿßŸÅ ÿ≠ÿ≥€åŸÜ @USER...,urd,Urdu,0,0,0.8,"The text promotes religious tolerance and sectarian harmony, which are unifying rather than divisive concepts. It expresses a positive political stance without creating us-vs-them divisions or hostile language toward opposing groups.",
ur_884ccbd8b3eb98b9709f97853167d244,ÿØ€Å Ÿæÿ¥ÿ™ŸàŸÜŸà⁄∫ ÿ≠ŸÇŸàŸÇ ÿ®€Å ⁄©ŸÑ€Å ÿØ€Å Ÿæÿ¥ÿ™ŸàŸÜŸà⁄∫ ÿ™ÿ± ŸÑÿßÿ≥€Å ⁄©€å⁄ò€å €î€î...,urd,Urdu,0,1,0.8,"The text appears to make claims about Pashtun rights being exclusively for Pashtuns, which creates an exclusionary us-vs-them framing based on ethnic identity, indicating polarization.",
ur_1a83e30293c3e3c3d2261c196061561e,€ÅŸÖ ÿ¨ŸÜÿ≥ Ÿæÿ±ÿ≥ÿ™€å€å ⁄©€å€å ÿßÿ≥ŸÑÿßŸÖ ŸÖ€å⁄∫ ⁄ØŸÜÿ¨ÿß€åÿ¥ ŸÜ€Å€å ÿßŸàÿ± ÿ¨Ÿà ÿßÿ≥⁄©€å Ÿà⁄©ÿßŸÑÿ™ ⁄©ÿ±ÿ™€í €Å€åŸÜ ⁄©€åÿßŸà€Å ÿßŸÑŸÑ€Å ÿ≥€í ŸÜ€Å€å ⁄àÿ±ÿ™€í ÿß⁄Øÿ±⁄ØŸÜÿ¨ÿß€åÿ¥ €Å...,urd,Urdu,1,1,0.85,"The text creates a sharp religious divide by condemning homosexuality based on Islamic teachings, questioning the faith of those who support it, and referencing divine punishment (Qawm-e-Lut). This creates an us-vs-them dynamic between religious conservatives and LGBTQ+ supporters with exclusionary language.",
ur_6fa9c3864ece712bf430c11165e31977,ÿ¨ÿπŸÑ€å ŸÖ€åŸÜ⁄à€åŸπ ÿ≥€í ÿ¢ŸÜ€í ŸàÿßŸÑ€í Ÿàÿ≤€åÿ±ÿßÿπÿ∏ŸÖ ÿßŸàÿ± Ÿàÿ≤ÿ±ÿßÿ° ŸÜ€í ÿßÿ≥ŸÖÿ®ŸÑ€å ⁄©€í ŸÅŸÑŸàÿ± Ÿæÿ± ÿ¨⁄æŸàŸπ ÿ®ŸàŸÑÿß €Å€í ⁄©€Å ÿßŸÜ€ÅŸà⁄∫ ŸÜ€í ÿßŸìÿ±ŸÖ€å ⁄©Ÿà ÿ´ÿß...,urd,Urdu,1,1,0.85,"The text uses divisive language like 'ÿ¨ÿπŸÑ€å ŸÖ€åŸÜ⁄à€åŸπ' (fake mandate) and 'ÿ¨⁄æŸàŸπ ÿ®ŸàŸÑÿß' (told lies) to delegitimize political opponents, creating an us-vs-them narrative between the current government and opposition, which is characteristic of political polarization.",
ur_24f83cf71406866f1f536b7d2ae76b48,"""Ÿæÿß⁄©ÿ≥ÿ™ÿßŸÜ ŸÖ€å⁄∫ ÿ∑ÿßŸÇÿ™ ⁄©ÿß ÿßÿµŸÑ ÿ≥ÿ±⁄Üÿ¥ŸÖ€Å ÿπŸàÿßŸÖ €Å€å⁄∫"" ŸÖÿ∑ÿßŸÑÿπ€Å Ÿæÿß⁄©ÿ≥ÿ™ÿßŸÜ ŸÖ€å⁄∫ Ÿæ⁄ë⁄æÿß ÿ™⁄æÿß...",urd,Urdu,0,0,0.8,"This text appears to be a neutral reference to a civics lesson from Pakistan Studies, stating that 'the real source of power in Pakistan is the people.' It's an educational/academic statement without hostile language, us-vs-them framing, or divisive rhetoric.",
ur_f66c74452e3b3d74c0b2aebca8e4a2bb,ÿ±€åÿßÿ≥ÿ™ ÿ≥€í ŸÜ€Å Ÿπ⁄©ÿ±ÿßŸà ⁄Ü ÿ¨ÿ¨ ⁄©Ÿà Ÿàÿßÿ¨ÿ® ÿßŸÑŸÇÿ™ŸÑ ŸÜ€Å ⁄©€ÅŸà €î€î€î ⁄©€åŸàŸÜ⁄©€Å ŸÖ€å⁄∫ ÿÆŸàÿØ €å€ÅŸàÿØ€å ÿß€åÿ¨ŸÜŸπ €ÅŸà⁄∫ üòú ⁄©ŸÅÿ™ÿßŸÜ ⁄©€å ÿßŸæ€åŸÑ...,urd,Urdu,1,1,0.8,"The text contains divisive language including references to 'Jewish agent' and uses inflammatory terms like 'Ÿàÿßÿ¨ÿ® ÿßŸÑŸÇÿ™ŸÑ' (deserving death), creating an us-vs-them dynamic with hostile framing against judges and state institutions.",
ur_a36d84dd071d94255cea202918d63dc0,#ŸÜŸàŸπ_ÿØ⁄©⁄æÿßŸÖŸÜÿµŸàÿ±ŸÜ⁄Üÿß ÿÆÿßŸÜ ŸÜ€Å ÿ¢Ÿæ ⁄©Ÿà ÿßÿ¥ÿ™€Åÿßÿ± ÿØ€í ⁄Øÿßÿå ŸÜ€Å ŸÑŸÅÿßŸÅ€Å ÿµÿ≠ÿßŸÅÿ™ ⁄©ÿ±Ÿàÿå ŸÖ⁄Øÿ± ÿßŸæŸÜ€í ÿÆÿ±⁄Ü€í Ÿæ€Å€î€î€î RIP ŸÑŸÅÿßŸÅ€Å ÿµÿ≠ÿßŸÅÿ™...,urd,Urdu,1,1,0.8,"The text uses divisive language with 'RIP ŸÑŸÅÿßŸÅ€Å ÿµÿ≠ÿßŸÅÿ™' (RIP envelope journalism) suggesting death/end of corrupt journalism, and creates an us-vs-them dynamic between honest vs corrupt journalists. The hashtag and tone indicate strong partisan positioning against certain media practices.",
ur_339fd16d426fea4d13c98b47d091c58d,Ÿæ⁄æÿ± ÿ¨ÿ® ÿßÿ®ÿ±ÿß€Å€åŸÖ ⁄©ÿß ÿÆŸàŸÅ ÿ≤ÿßÿ¶ŸÑ €ÅŸàÿß ÿßŸàÿ± ÿßÿ≥€í ÿÆŸàÿ¥ÿÆÿ®ÿ±€å ŸÖŸÑ€å €ÅŸÖ ÿ≥€í ŸÇŸàŸÖ ŸÑŸàÿ∑ ⁄©€í ÿ®ÿßÿ±€í ŸÖ€å⁄∫ ÿ¨⁄æ⁄Ø⁄ëŸÜ€í ŸÑ⁄Øÿß (ŸÅ€±€µ€∑)...,urd,Urdu,0,0,0.8,"This appears to be a religious text (likely Quranic verse) describing a narrative about Prophet Ibrahim (Abraham) and Prophet Lut (Lot). It's a straightforward religious narrative without divisive language, us-vs-them framing, or hostile rhetoric that would indicate polarization.",
ur_3455c58d8d3e8a355eeae6b9544d83e5,#ŸÇÿßÿ¶ÿØ_ŸÖŸÑÿ™_ŸÑ€åÿßŸÇÿ™_ÿπŸÑ€å_ÿÆÿßŸÜ €Å€å ŸÖ€Åÿßÿ¨ÿ±Ÿà⁄∫ ⁄©€í ÿ≠ŸÇ€åŸÇ€å ŸÑ€å⁄àÿ± €Å€å⁄∫ #ÿßŸÑÿ∑ÿßŸÅ_ÿ≠ÿ≥€åŸÜ ŸÜ€Å€å⁄∫€î #KuchToBoloBhai...,urd,Urdu,1,1,0.8,"The text creates a divisive comparison between two political leaders, explicitly rejecting one (#ÿßŸÑÿ∑ÿßŸÅ_ÿ≠ÿ≥€åŸÜ) while promoting another (#ŸÇÿßÿ¶ÿØ_ŸÖŸÑÿ™_ŸÑ€åÿßŸÇÿ™_ÿπŸÑ€å_ÿÆÿßŸÜ) as the 'real leader' of migrants. This creates an us-vs-them dynamic typical of political polarization, particularly in the context of Pakistani politics where these figures represent different political movements.",
ur_4e92ce3c8c0d252700d48ab045e95576,#ŸÇÿßÿ¶ÿØŸÇŸÑÿ™_ŸÖ€åÿß⁄∫_ŸÖ€åŸπÿ±Ÿàÿ¥ÿ±€åŸÅ ÿµŸàÿ®ÿßÿ¶€åÿ™ ⁄©€í ŸÜÿßŸÖ Ÿæÿ± ŸàŸàŸπ ŸÑ€åŸÜ€í ŸàÿßŸÑÿß...,urd,Urdu,1,1,0.8,"The text uses derogatory language ('ŸÇÿßÿ¶ÿØŸÇŸÑÿ™' - leader of scarcity/shortage) to mock a political figure and accuses them of exploiting provincial divisions for votes, creating an us-vs-them dynamic typical of political polarization.",
ur_091d5f1e09452665d4a861a72d432e44,"ÿ™ŸÖ⁄æÿßÿ±€í ŸÇÿ®ÿ±ÿ≥ÿ™ÿßŸÜ ÿ≥€í Ÿàÿ±ÿØ€å ŸàÿßŸÑ€í ÿßÿ≥ ŸàŸÇÿ™ ÿ™⁄© ÿßÿ≥ŸÑÿ≠€Å ÿß⁄ØŸÑÿ™€í ÿ±€Å€å⁄∫ ⁄Ø€í ÿ¨ÿ® ÿ™⁄© ""ÿ™ŸÖ"" ÿßŸπ⁄æ ⁄©⁄æ⁄ë€í ŸÜ€Å€å⁄∫ €ÅŸà ⁄Ø€í #FreedomFor...",urd,Urdu,1,1,0.9,"The text contains hostile us-vs-them language with references to graveyards, uniformed personnel, weapons, and uses quotation marks around 'tum' (you) in a derogatory manner. The hashtag #FreedomForMohajirs suggests ethnic/political division, and the overall tone is threatening and divisive.",
ur_33a92021963576b72ea8e4fc52fa8753,⁄Øÿ≥ÿ™ÿßÿÆ ÿ±ÿ≥ŸàŸÑ ÿßŸÑŸÑ€Å ÿµŸÑŸâ ÿπŸÑ€å€Å ŸàÿßŸÑ€Å Ÿàÿ≥ŸÑŸÖ Ÿæÿ± ŸÑÿπŸÜÿ™ €ÅŸà #WeLoveMuhammadPBUH...,urd,Urdu,1,1,0.85,"The text contains strong condemnatory language ('ŸÑÿπŸÜÿ™ €ÅŸà' - curse be upon) directed at those deemed blasphemous, creating a clear us-vs-them division between believers and perceived blasphemers. The hashtag reinforces group identity while the curse language promotes hostility toward the opposing group.",
ur_022032a97fea3dc0cdb43ca881e6107c,ÿ≥ŸÜÿØ⁄æ ŸÖ€å⁄∫ ÿßÿµŸÑ ⁄©ÿ™Ÿà⁄∫ ÿ≥€í ÿ≤€åÿßÿØ€Å ÿ™ÿπÿØÿßÿØ ÿ®⁄æŸπŸà ÿßŸàÿ± ÿ≤ÿ±ÿØÿßÿ±€å ⁄©€í ⁄©ÿ™Ÿà⁄∫ ⁄©€å ⁄æ€í ÿ¨Ÿà ÿπÿßŸÖ ÿ≥ŸÜÿØ⁄æ€åŸà⁄∫ ⁄©Ÿà ŸÜŸà⁄Ü ÿ±⁄æ€í ⁄æ€å⁄∫ #ÿ≥ŸÜÿØ⁄æ_ÿ®...,urd,Urdu,1,1,0.9,"The text uses dehumanizing language calling political figures and their supporters 'dogs' and creates an us-vs-them narrative between 'real Sindhis' and Bhutto/Zardari supporters, with hostile framing and exclusionary rhetoric typical of political polarization.",
ur_d3f713a4a81f5bbca0248de419a8823e,ÿ≥ŸÜ ÿ≥ÿ™ÿ± ÿ™⁄© ÿ®ŸÑŸà⁄Ü ÿπŸÑ€åÿ≠ÿØ⁄Ø€å Ÿæÿ≥ŸÜÿØŸà⁄∫ ⁄©€í Ÿπÿ±€åŸÜ⁄Ø ⁄©€åŸÖŸæÿ≥ ÿßŸÅÿ∫ÿßŸÜÿ≥ÿ™ÿßŸÜ ŸÖ€å⁄∫ ÿ™⁄æ€í ÿ®ÿßŸÑ⁄©ŸÑ ÿß€åÿ≥€í €Å€å Ÿæÿ¥ÿ™ŸàŸÜÿ≥ÿ™ÿßŸÜ ÿ®ŸÜÿßŸÜ€í ŸàÿßŸÑŸà ⁄©€í...,urd,Urdu,1,1,0.8,"The text creates an us-vs-them narrative by alleging that separatist training camps for both Baloch and Pashtun groups were operating in Afghanistan, implying external conspiracy against Pakistan's territorial integrity and framing these groups as threats backed by foreign elements.",
ur_19dd9f7d4b0b232594f7397015749bd3,ÿ¢ÿ±Ÿπ€å⁄©ŸÑ ⁄Ü⁄æ Ÿæÿ± ÿß⁄ÜÿßŸÜ⁄© ÿ≥ÿ® ⁄©Ÿà ÿ≥ÿßŸÜŸæ ⁄©€åŸà⁄∫ ÿ≥ŸàŸÜ⁄Ø⁄æ ⁄Ø€åÿß €Å€í ÿßÿ™ŸÜÿß ÿ≥ŸÜÿßŸπÿß ⁄©€åŸà⁄∫ €Å€í ÿ®⁄æÿßÿ¶€å ÿüÿü...,urd,Urdu,1,0,0.8,"The text appears to be asking why there is sudden silence about Article 6, using colloquial expressions. While it may reference a potentially controversial topic, it doesn't contain hostile language, us-vs-them framing, or divisive rhetoric that would indicate polarization.",
ur_8063c0fb723e31c8c2851f9f01d3006c,ÿ±€å⁄à ÿ≤ŸàŸÜ ÿ®ÿ≥ ÿß€å⁄© ⁄æ€å ⁄æ€í ŸÜÿßŸÖŸàÿ≥ ÿ±ÿ≥ÿßŸÑÿ™ ‚úãÔ∏è‚úãÔ∏è‚úäÔ∏è‚úäÔ∏èüëäüëä‚öîÔ∏è ÿßÿ≥ ⁄©€å ÿ≥ÿ≤ÿß ÿß€å⁄© ⁄æ€å ⁄æ€í ÿ≥ÿ± ÿ™ŸÜ ÿ≥€í ÿ¨ÿØÿß #ÿ±ÿ∂Ÿà€å_⁄©Ÿà_ÿ±€Åÿß_⁄©ÿ±Ÿà...,urd,Urdu,1,1,0.9,"The text contains highly polarizing religious rhetoric with violent imagery ('ÿ≥ÿ± ÿ™ŸÜ ÿ≥€í ÿ¨ÿØÿß' - beheading), uses confrontational symbols (swords, fists), and employs us-vs-them framing around blasphemy laws. The hashtag suggests support for someone detained, likely in a blasphemy case, creating sharp religious-political divisions.",
ur_a010e021669e10c7e020e09f8673e215,ÿ¨ÿßŸà€åÿØ ⁄ÜŸà€ÅÿØÿ±€å ÿµÿßÿ≠ÿ® ÿπŸÖÿ±Ÿà ÿπ€åÿßÿ± ⁄©€å ⁄©€ÅÿßŸÜ€åÿß⁄∫ÿå ÿπŸÖÿ±ÿßŸÜ ÿ≥€åÿ±€åÿ≤ ⁄©€í ŸÜÿßŸàŸÑ ÿßŸàÿ± ÿ¢Ÿπ⁄æŸà€å⁄∫ ⁄©€å ŸÖÿ∑ÿßŸÑÿπ€Å Ÿæÿß⁄©ÿ≥ÿ™ÿßŸÜ ⁄©€í ÿπŸÑÿßŸà€Å ÿß⁄Ø...,urd,Urdu,0,0,0.85,"The text appears to be discussing literature and educational content (Amar Ayyar stories, Imran series novels, and 8th grade Pakistan Studies) in a neutral, descriptive manner without expressing divisive opinions or us-vs-them framing.",
ur_07c30bab38667b615df35bce2cafb13a,ÿ∫ÿ±€åÿØ€Å ÿ¥Ÿàÿ®ÿßÿ≤ÿ¥ÿ±€åŸÅ ⁄©ÿß ÿ¨ŸÖ€åÿπÿ™ ÿ≥€í ÿßÿ∏€Åÿßÿ± €å⁄© ÿ¨€Åÿ™€å ( ÿ®ÿ∞ÿ±€åÿπ€Å ÿ¥ŸÑŸàÿßÿ± ) @USER...,urd,Urdu,1,0,0.7,"The text appears to be a satirical or humorous comment about someone's solidarity expression through clothing choice. While it may contain mild mockery, it doesn't show sharp division into opposing groups or hostile us-vs-them framing that characterizes polarization.",
ur_7b5dc852a4b28c465325c83d6365168e,ÿ≥€å⁄©€åŸàÿ±Ÿπ€å ŸÅŸàÿ±ÿ≥ÿ≤ ŸÜ€í ÿ®ŸÑŸà⁄Ü ŸÇŸàŸÖ Ÿæÿ±ÿ≥ÿ™ ÿ±€ÅŸÜŸÖÿß ŸÜŸàÿßÿ® ÿ≤ÿßÿØ€Å ÿ¥ÿß€Å ÿ≤€åŸÜ ÿ®⁄ØŸπ€å ⁄©€í ⁄Ø⁄æÿ± ÿ≥€í ÿ®⁄ë€å ŸÖŸÇÿØÿßÿ± ŸÖ€å⁄∫ ÿßÿ≥ŸÑÿ≠€Å ÿßŸàÿ± ÿ®ÿßÿ±ŸàÿØ...,urd,Urdu,0,0,0.7,"This appears to be a factual news report about security forces recovering weapons from a Baloch nationalist leader's residence. While it involves sensitive political topics, the text itself is presented in a neutral, reporting style without inflammatory language or us-vs-them framing.",
zh_1bea02f6f3e1d5bfd6f2fbea0f9d12ff,Â§©Ê¥•ÔºåÂ§öÂ∞ëÈÇ£‰∏™Âπ¥‰ª£ÁöÑ‰∫∫Ë¢´‰∏ãÂ≤óÂÆ≥‰∫ÜÔºüÔºÅÊùÄ‰∫∫ÁöÑÊîøÁ≠ñ„ÄÇ...,zho,Chinese,1,1,0.8,"The text uses highly charged language ('ÊùÄ‰∫∫ÁöÑÊîøÁ≠ñ' - 'murderous policy') and frames layoffs as deliberate harm against people, creating a strong us-vs-them dynamic between victims and policy makers with hostile framing.",
zh_7da89b17eb7e6e92782067460d5c3c72,Ëøô‰∏™ÂäõÂ∏ÜÊòØÈÇ£‰ΩçÁ∫¶ÊàëËßÅÈù¢ÁöÑÂ§ßÂèîÂêóÔºåÂâçÈòµÂ≠êÈóπÂæàÂ§ßÁöÑÊµ¶Âäõ‰πüÊòØÂêå‰∏Ä‰∏™‰∫∫ÂêóÔøΩ...,zho,Chinese,0,0,0.8,"The text appears to be asking factual questions about whether certain people (referenced as 'ÂäõÂ∏Ü' and 'Êµ¶Âäõ') are the same person, including someone who arranged a meeting. There's no hostile language, us-vs-them framing, or divisive rhetoric present - just neutral inquiries about identity.",
zh_3ed9ab23ca2dfd63307352f0ccbe547b,‰ªäÂπ¥Êñ∞ÁßÄÊúâ‰∏™Èªë‰∫∫Âç°Â∞îÂºóÂÄíÊòØËõÆÂ∏ÖÁöÑÔºåÂ§ßÂ∞è‰ºôÂ≠êÁöÑÈò≥ÂÖâÂ∏Ö...,zho,Chinese,0,0,0.8,"The text is a casual, positive comment about a rookie player's appearance, describing him as handsome and sunny. While it mentions race, it does so in a descriptive rather than divisive context, without creating us-vs-them framing or expressing hostility.",
zh_1bd073ea507a3070cb66d265db7f63dd,‰∫∫Â§öÂú∞Â∞ëÔºå‰∫∫ÂùáÂúüÂú∞Â∞ë‰∫éÊó•Êú¨ÔºåÊúâÊïàËÄïÂú∞Èù¢ÁßØÊõ¥Â∞ë ÂéªÊéâË•øËóèÁõ¥Êé•Â∞ëÂõõÂàÜ‰πã‰∏Ä...,zho,Chinese,0,0,0.8,"The text presents factual statements about land scarcity and population density, comparing to Japan and mentioning Tibet's land area. While it mentions Tibet, it does so in a geographical/statistical context without hostile language or us-vs-them framing that would indicate polarization.",
zh_b0a928d13c9e88831864e1d93420e202,ÊÑüËßâÁÉ≠Â∑¥ÁöÑÈ¢úÂ∏¶ÁùÄËã±Ê∞îÔºå‰ΩÜÊòØÊºîÂ∞ëÂ•≥Â•ΩÂÉè‰πü‰∏çËøùÂíåÔºü...,zho,Chinese,0,0,0.9,"This is a neutral comment about an actress's appearance and acting ability, expressing personal opinion without creating division or hostility between groups.",
zh_bfb767855e074e8d727946772d5f883e,ÈÇ£Âí±‰ø©ÂìÅÂë≥‰∏ç‰∏ÄÊ†∑ÔºåÊ≠§Èó¥ÁöÑÂ∞ëÂπ¥ÊàëËØªÁùÄÂ∞±Ê≤°Êúâ‰∏äÊµ∑Â†°ÂûíÊúâÂë≥ÔºåÊàëÂÜçÂìÅÂìÅÊÇ®Âà´ÁöÑ...,zho,Chinese,0,0,0.85,"This text expresses a personal preference difference about books/movies in a respectful way, using phrases like 'Âí±‰ø©ÂìÅÂë≥‰∏ç‰∏ÄÊ†∑' (our tastes are different) and politely asking to see other recommendations. There's no hostility, us-vs-them framing, or divisive language.",
zh_1c6ae97276bd54fe3c4620edbeffc41f,ÊâÄ‰ª•‰Ω†Âπ≥Êó∂ÈÉΩÂπ≤‰∫ÜÂï•ËÆ©ÂØºÂ∏àËßâÂæó‰Ω†Â∞ÜÊù•‰ºöÊÄïÂ™≥Â¶á?Â•ΩÂ•áÂ∞ëÂ•≥ÂâçÊù•ËØ¢ÈóÆ[ÊÉäÂñú][ÊÉäÂñú]...,zho,Chinese,0,0,0.9,"This is a lighthearted, curious question about someone's relationship with their advisor and future spouse dynamics. It uses playful language and emojis, showing friendly curiosity rather than creating divisive us-vs-them framing or hostility between groups.",
zh_245a1b4ef30b92583d712ce16f5a40e4,Êâæ‰∏çÂà∞ÁêÜÊÉ≥‰∏≠ÁöÑËÉΩËÅäÂæóÊù•ÊáÇÊàëÂíåÊàëÂøÉÊÑèÁõ∏ÈÄöÁöÑÁî∑ÊúãÂèã~ ÂìàÂìàÂìàÂìàÂìà‰∏çÁùÄÊÄ•ÊÖ¢ÊÖ¢Êù•...,zho,Chinese,0,0,0.9,"This is a personal, lighthearted comment about dating preferences without any divisive language, hostility, or us-vs-them framing. The tone is casual and optimistic.",
zh_145b736ecc7328b3507adb15235dc1fc,ÁªßÁª≠Ë¢´ÈªëÔºåÁªßÁª≠Âä™ÂäõËøáËá™Â∑±ÁöÑÂ•ΩÊó•Â≠êÔºÅÂ¶ÇÊûúÈªëËÄÅÁæéÈ™ÇËÄÅÁæéËÉΩÊääËÄÅÁæéÊêûÊàêÈùûÊ¥≤ÔºåÈÇ£ÊâçÊòØÁúüÊàêÂäüÔºÅ...,zho,Chinese,1,1,0.85,"The text contains hostile us-vs-them framing with derogatory language ('ÈªëËÄÅÁæé', 'È™ÇËÄÅÁæé') and expresses antagonistic sentiment toward Americans, wishing for their country to become like Africa in a derogatory context. This creates clear polarization between groups.",
zh_947e5d8c187cf50bea698b483c168dec,Êä±Ê≠âÔºåÁà∂Á≥ªÁ§æ‰ºöÂΩìÁÑ∂ÊòØÂ´ÅÈ∏°ÈöèÈ∏°ÔºåÂÖ•ÂõΩÁ±ç‰∫ÜÔºåÂ´ÅÁªô‰∏≠ÂõΩ‰∫∫ÂÖ•‰∏≠ÂõΩÁ±ç„ÄÇ...,zho,Chinese,1,1,0.8,"The text reinforces traditional patriarchal gender roles with the phrase 'Â´ÅÈ∏°ÈöèÈ∏°' (marry a rooster, follow the rooster), suggesting women should automatically adopt their husband's nationality and conform to male-dominated social structures. This creates an us-vs-them dynamic between traditional patriarchal values and modern gender equality perspectives.",
zh_5fb1bb48d604cd9a49899a0184291159,ÈÇ£Â§©Âñµ‰∏ÄÁúºÁîµËßÜÔºå‰∏Ä‰∏™Â§™Âêõ‰∏ÄÂè£‰∫¨ÁâáÂ≠êÊØîÂåó‰∫¨‰∫∫ËøòÊ∫ú„ÄÇ...,zho,Chinese,0,1,0.8,"The text uses derogatory language ('Â§™Âêõ') referring to Japanese people and implies criticism of their Chinese language ability, creating an us-vs-them dynamic based on nationality/ethnicity.",
zh_35a8fdbf1d0a1b91ec6f791256a425dc,Áà∂ÊØçÈÉΩ‰∏çÁÆ°ÁöÑÔºåË∞ÅÂêÉ‰∫ÜÂí∏ËèúÊ∑°ÊìçÂøÉÔºåÁà±ÂíãÂíãÂú∞...,zho,Chinese,0,0,0.8,"This appears to be a casual, dismissive comment expressing indifference about someone else's situation. While it contains some crude language, it doesn't create us-vs-them divisions or express hostility toward opposing groups - it's more of a personal attitude of not caring about others' affairs.",
zh_e141ac96896b7f116b9a844444bd6bd4,Â∞±ÊòØÂÜÖÈáåÊòØÁôΩ‰∫∫Ë•øÊñπÊñáÂåñÔºåÈïøÁöÑÊòØ‰∏úÊñπÈªÑÁßç‰∫∫ÁöÑËÑ∏ÔºåÊòØ‰∏çÊòØÂæàÂÉèÈ¶ôËïâÔºå‰øóÁß∞banana...,zho,Chinese,1,1,0.8,"The text uses the derogatory term 'banana' to describe people of Asian appearance who have adopted Western culture, creating an us-vs-them division based on cultural identity and racial appearance. This framing promotes polarization between those seen as authentically Asian versus those viewed as culturally assimilated.",
zh_88b1ddb613a9548be8011294de856e39,ÈôÜÁª≠ÊúâÊó†ËæúË∑Ø‰∫∫Ë¢´ÁÉßÊôïÔºåÊÉÖÂÜµÂçÅÂàÜÁ¥ßÂç±Êú∫Ôºå‰∫∫‰ª¨Ê≠£Ëø´ÂàáÂú∞ÈúÄË¶ÅÁùÄÂèçÂêåÊàòÂ£´ÁöÑÁôªÂú∫„ÄÇ...,zho,Chinese,1,1,0.85,"The text uses divisive language with 'innocent bystanders' versus 'anti-gay warriors', creating an us-vs-them narrative that frames one group as victims and calls for opposing 'warriors' to take action, indicating clear polarization.",
zh_cbf10fbaae96e244c42c28ba989aa872,ÂêåËÄÉÁ†îÁãóÔºåÂàöÂÜ≥ÂÆöËÄÉ‰∏ìÁ°ïÔºåÊ±Ç‰ªôÂ•≥ÁôæÂ∫¶‰∫ë ^ ‰∏áÂàÜÊÑüË∞¢ÔºÅÊñπ‰æøÁöÑËØùÂä†‰∏ã‰∫ëÂèãÂïäÔºö...,zho,Chinese,0,0,0.9,"This is a friendly request from a graduate school exam candidate asking for study materials via Baidu cloud sharing. The tone is polite and collaborative, using terms like '‰ªôÂ•≥' (fairy/angel) as a compliment and expressing gratitude. There's no us-vs-them framing or hostile language.",
zh_affb803b3a8afd06dc33e6f004f8f0ff,‰∏≠ÂõΩÊòØÊñáÊòéÂõΩÂÆ∂Ôºå‰∏≠ÂçéÊñáÊòéËÅöÈõÜ‰∫Ü‰∫îÂçÅ‰∫î‰∏™Ê∞ëÊóèÔºåÈô§‰∫ÜÁª¥ÊóèÂõûÂΩíËæÉÊôö‰∏çÂ§™Á®≥ÂÆöÔºåÂÖ∂‰ªñÂ∞ëÊï∞Ê∞ëÊóèÈÉΩÂéªËÆ§‰∏∫Ëá™Â∑±ÊòØÁÇéÈªÑÂ≠êÂ≠ôÔºåÂç∞Â∫¶Èù†ÁöÑÊòØÂÆóÊïôÔºåÁ©ÜÊñØÊûó‰∏çÊòØÂç∞Â∫¶ÊïôÂæíÔºå‰ª•ÂêéÂè™‰ºöÊõ¥ÊÉ®...,zho,Chinese,1,1,0.8,"The text contains polarizing elements including ethnic stereotyping of Uyghurs as 'unstable', religious divisiveness regarding Muslims and Hindus in India, and implicit superiority claims about Chinese civilization versus India. The language creates us-vs-them framing between different ethnic and religious groups.",
zh_f36ad904df40ac1a168b438d8623ed18,Áé∞Âú®ÁöÑÂ•≥‰∫∫ÔºåÁü•ÈÅìÁî∑‰∫∫ÂÆ∂Êö¥Âè™Êúâ0Ê¨°ÂíåÊó†Êï∞Ê¨°ÔºåÂç¥ËÉΩÂÆπÂøç‰∏ÄÂè™Áå´ÂÆ∂Êö¥3Ê¨°ÔºüÔºüÔºüÔºü...,zho,Chinese,1,1,0.85,"The text creates a divisive comparison between women's tolerance of domestic violence from men versus cats, using gendered stereotyping and inflammatory rhetoric that pits different groups against each other in a hostile manner.",
zh_1f93c2889f9f4b9e8048a9cebb346789,Â•ΩÂÉèÂæàÂ§ö‰∏≠ÂõΩÁî∑‰∫∫ÊâæÈªëÂ¶πÂïäÔºåÊäñÈü≥‰∏ä‰∏ÄÂ§ßÊääÔºåÈùûÊ¥≤ÈªëÈªÑÊ∑∑Ë°ÄÁöÑÂ≠©Â≠êÈÉΩÊï∞‰∏çÊ∏Ö...,zho,Chinese,1,1,0.8,"The text makes generalizing statements about Chinese men and African women in relationships, using potentially derogatory language ('ÈªëÂ¶π') and framing interracial relationships in a way that could promote racial stereotyping and division.",
zh_5d738a451de9eccd35d3bff2957ce84b,Ê•º‰∏ªÔºåÊÉ≥ÈóÆ‰∏ã‰Ω†ÔºåÂ§©Ê¥•ÊàñË•øÂÆâËΩØ‰ª∂Ë°å‰∏öÂèëÂ±ïÂ•ΩÂêó?ÂÄºÂæóÂéªÂêóÔºü...,zho,Chinese,0,0,0.9,"This is a neutral question asking for advice about software industry development in Tianjin or Xi'an cities. There's no us-vs-them framing, hostility, or divisive language - just a straightforward inquiry seeking information.",
zh_7ef1c0001741b2d7a57ec79520270e77,‰∏çÊòØËãèÂåóÂè£Èü≥„ÄÇ„ÄÇ„ÄÇ„ÄÇ‰∏çÂÉèÂïäÔºÅÊúâÁÇπÊ®°‰ªøÊ≤°Ê®°‰ªøÂ•ΩÁöÑÊÑüËßâÔºåÂê¨‰∫ÜÁâπÂà´Êâ≠...,zho,Chinese,0,0,0.8,"This text is a critique of someone's accent imitation, expressing that it doesn't sound authentic and feels awkward. While critical, it's a personal opinion about performance quality rather than creating divisive us-vs-them framing or hostility between groups.",
